"Id","School","Mascot","Abbreviation","AlternateNames[0]","AlternateNames[1]","Conference","Division","Classification","Color","AlternateColor","Logos[0]","Logos[1]","Twitter","Location Id","Location Name","Location City","Location State","Location Zip","Location CountryCode","Location Timezone","Location Latitude","Location Longitude","Location Elevation","Location Capacity","Location ConstructionYear","Location Grass","Location Dome"
"2","Auburn","Tigers","AUB","AUB","Auburn","SEC","West","fbs","#002b5c","#f26522","http://a.espncdn.com/i/teamlogos/ncaa/500/2.png","http://a.espncdn.com/i/teamlogos/ncaa/500-dark/2.png","@AuburnFootball","3785","Jordan-Hare Stadium","Auburn","AL","36849","US","America/Chicago","32.6025532","-85.4897479","201.1737976","87451","1939","true","false"
"5","UAB","Blazers","UAB","Alabama-Birmingham","UAB","Conference USA","East","fbs","#003b28","#ffc845","http://a.espncdn.com/i/teamlogos/ncaa/500/5.png","http://a.espncdn.com/i/teamlogos/ncaa/500-dark/5.png","@UAB_FB","7221","Protective Stadium","Birmingham","AL","35203","US","","33.5206824","-86.8024326","","0","","false","false"
"6","South Alabama","Jaguars","USA","USA","South Alabama","Sun Belt","East","fbs","#00205B","#BF0D3E","http://a.espncdn.com/i/teamlogos/ncaa/500/6.png","http://a.espncdn.com/i/teamlogos/ncaa/500-dark/6.png","@SouthAlabamaFB","6526","Hancock Whitney Stadium","Mobile","AL","85329","US","","30.6943566","-88.0430541","","25450","","false","false"
"8","Arkansas","Razorbacks","ARK","ARK","Arkansas","SEC","West","fbs","#a41f35","#ffffff","http://a.espncdn.com/i/teamlogos/ncaa/500/8.png","http://a.espncdn.com/i/teamlogos/ncaa/500-dark/8.png","@RazorbackFB","3887","Razorback Stadium","Fayetteville","AR","72702","US","America/Chicago","36.0680662","-94.1789534","403.7972412","80000","1938","false","false"
"9","Arizona State","Sun Devils","ASU","ASU","Arizona St","Pac-12","South","fbs","#8e0c3a","#ffc72c","http://a.espncdn.com/i/teamlogos/ncaa/500/9.png","http://a.espncdn.com/i/teamlogos/ncaa/500-dark/9.png","@ASUFootball","3947","Mountain America Stadium","Tempe","AZ","85287","US","America/Phoenix","33.4264471","-111.9325005","360.1569519","65870","1958","true","false"
"12","Arizona","Wildcats","ARIZ","ARIZ","Arizona","Pac-12","South","fbs","#0c234b","#ab0520","http://a.espncdn.com/i/teamlogos/ncaa/500/12.png","http://a.espncdn.com/i/teamlogos/ncaa/500-dark/12.png","@ArizonaFBall","3619","Arizona Stadium","Tucson","AZ","85721","US","America/Phoenix","32.2288054","-110.9488677","742.1530151","50782","1928","false","false"
"13","Cal Poly","Mustangs","CP","CP","Cal Poly","Big Sky","","fcs","#1E4D2B","#eed897","http://a.espncdn.com/i/teamlogos/ncaa/500/13.png","http://a.espncdn.com/i/teamlogos/ncaa/500-dark/13.png","@CalPolyFootball","1027","Alex G. Spanos Stadium","San Luis Obispo","CA","93405","US","America/Los_Angeles","35.2984123","-120.6650005","84.6832428","11075","2006","true","false"
"16","Sacramento State","Hornets","SAC","Cal State Sacramento","SAC","Big Sky","","fcs","#00573C","#cdb97d","http://a.espncdn.com/i/teamlogos/ncaa/500/16.png","http://a.espncdn.com/i/teamlogos/ncaa/500-dark/16.png","@SacHornetsFB","3757","Hornet Stadium","Sacramento","CA","95819","US","America/Los_Angeles","38.5556718","-121.4229607","12.30015659","21195","1969","false","false"
"21","San Diego State","Aztecs","SDSU","SDSU","San Diego St","Mountain West","West","fbs","#c41230","#000000","http://a.espncdn.com/i/teamlogos/ncaa/500/21.png","http://a.espncdn.com/i/teamlogos/ncaa/500-dark/21.png","@AztecFB","7311","Snapdragon Stadium","San Diego","CA","92093","US","America/Los_Angeles","32.784444","-117.122833","62","35000","2022","true","false"
"23","San José State","Spartans","SJSU","San Jose St.","SJSU","Mountain West","West","fbs","#005893","#fdba31","http://a.espncdn.com/i/teamlogos/ncaa/500/23.png","http://a.espncdn.com/i/teamlogos/ncaa/500-dark/23.png","@SanJoseStateFB","3935","CEFCU Stadium","San Jose","CA","95112","US","America/Los_Angeles","37.3196675","-121.8682962","28.30708694","30456","1933","false","false"
"24","Stanford","Cardinal","STAN","STAN","Stanford","Pac-12","North","fbs","#8c1515","#ffffff","http://a.espncdn.com/i/teamlogos/ncaa/500/24.png","http://a.espncdn.com/i/teamlogos/ncaa/500-dark/24.png","@StanfordFball","3940","Stanford Stadium","Stanford","CA","94305","US","America/Los_Angeles","37.4345556","-122.1611271","18.38425636","50424","2006","true","false"
"25","California","Golden Bears","CAL","CAL","California","Pac-12","North","fbs","#031522","#ffc423","http://a.espncdn.com/i/teamlogos/ncaa/500/25.png","http://a.espncdn.com/i/teamlogos/ncaa/500-dark/25.png","@CalFootball","3831","California Memorial Stadium","Berkeley","CA","94720","US","America/Los_Angeles","37.8710434","-122.2507729","125.3108063","62467","1923","false","false"
"26","UCLA","Bruins","UCLA","UCLA","UCLA","Pac-12","South","fbs","#2774ae","#f2a900","http://a.espncdn.com/i/teamlogos/ncaa/500/26.png","http://a.espncdn.com/i/teamlogos/ncaa/500-dark/26.png","@UCLAFootball","1056","Rose Bowl","Pasadena","CA","90095","US","America/Los_Angeles","34.1613284","-118.1676462","245.1772461","88565","1922","true","false"
"30","USC","Trojans","USC","USC","USC","Pac-12","South","fbs","#9e2237","#ffcc00","http://a.espncdn.com/i/teamlogos/ncaa/500/30.png","http://a.espncdn.com/i/teamlogos/ncaa/500-dark/30.png","@uscfb","477","Los Angeles Memorial Coliseum","Los Angeles","CA","90089","US","America/Los_Angeles","34.014167","-118.287778","42.50374222","77500","1923","true","false"
"36","Colorado State","Rams","CSU","CSU","Colorado St","Mountain West","Mountain","fbs","#1e4d2b","#c8c372","http://a.espncdn.com/i/teamlogos/ncaa/500/36.png","http://a.espncdn.com/i/teamlogos/ncaa/500-dark/36.png","@CSUFootball","5388","Canvas Stadium","Fort Collins","CO","80521","US","America/Denver","40.570015","-105.088435","1528.4","36500","2017","false","false"
"38","Colorado","Buffaloes","COLO","COLO","Colorado","Pac-12","South","fbs","#CFB87C","#000000","http://a.espncdn.com/i/teamlogos/ncaa/500/38.png","http://a.espncdn.com/i/teamlogos/ncaa/500-dark/38.png","@CUBuffsFootball","3726","Folsom Field","Boulder","CO","80309","US","America/Denver","40.0094746","-105.266905","1634.041138","50183","1924","true","false"
"41","UConn","Huskies","CONN","Connecticut","CONN","American Athletic","","fbs","#0c2340","#f1f2f3","http://a.espncdn.com/i/teamlogos/ncaa/500/41.png","http://a.espncdn.com/i/teamlogos/ncaa/500-dark/41.png","@UConnFootball","3892","Pratt & Whitney Stadium","East Hartford","CT","6118 ","US","America/New_York","41.7595675","-72.6187728","6.515614986","40000","2003","true","false"
"43","Yale","Bulldogs","YALE","YALE","Yale","Ivy","","fcs","#004a81","#286dc0","http://a.espncdn.com/i/teamlogos/ncaa/500/43.png","http://a.espncdn.com/i/teamlogos/ncaa/500-dark/43.png","@Yale_Football","3997","Yale Bowl","New Haven","CT","6520 ","US","America/New_York","41.3132441","-72.9605333","5.302621841","61446","1914","false","false"
"46","Georgetown","Hoyas","GTWN","GTWN","Georgetown","Patriot","","fcs","#110E42","#001c58","http://a.espncdn.com/i/teamlogos/ncaa/500/46.png","http://a.espncdn.com/i/teamlogos/ncaa/500-dark/46.png","@HoyasFB","3847","Cooper Field","Washington","DC","20007","US","America/New_York","38.9080248","-77.0753144","32.38431549","3750","2003","false","false"
"47","Howard","Bison","HOW","HOW","Howard","MEAC","","fcs","#003a63","#e51937","http://a.espncdn.com/i/teamlogos/ncaa/500/47.png","http://a.espncdn.com/i/teamlogos/ncaa/500-dark/47.png","@HUBisonFootball","3990","William H. Greene Stadium","Washington","DC","20059","US","America/New_York","38.925487","-77.021047","53.46718979","10000","1926","false","false"
"48","Delaware","Fightin' Blue Hens","DEL","DEL","Delaware","CAA","","fcs","#033594","#e8ce31","http://a.espncdn.com/i/teamlogos/ncaa/500/48.png","http://a.espncdn.com/i/teamlogos/ncaa/500-dark/48.png","@DelawareFB","3695","Delaware Stadium","Newark","DE","19713","US","America/New_York","39.6617428","-75.7488224","28.74350357","22000","1952","false","false"
"50","Florida A&M","Rattlers","FAMU","FAMU","Florida A&M","MEAC","","fcs","#F89728","#00843d","http://a.espncdn.com/i/teamlogos/ncaa/500/50.png","http://a.espncdn.com/i/teamlogos/ncaa/500-dark/50.png","@FAMUAthletics","3650","Bragg Memorial Stadium","Tallahassee","FL","32307","US","America/New_York","30.4261632","-84.2923095","31.18483925","25500","1957","false","false"
"52","Florida State","Seminoles","FSU","FSU","Florida St","ACC","Atlantic","fbs","#782f40","#ceb888","http://a.espncdn.com/i/teamlogos/ncaa/500/52.png","http://a.espncdn.com/i/teamlogos/ncaa/500-dark/52.png","@FSUFootball","3697","Doak Campbell Stadium","Tallahassee","FL","32306","US","America/New_York","30.4381692","-84.3044032","19.55942535","79560","1950","true","false"
"55","Jacksonville State","Gamecocks","JVST","JVST","Jax State","OVC","","fcs","#b50500","#b5b7ba","http://a.espncdn.com/i/teamlogos/ncaa/500/55.png","http://a.espncdn.com/i/teamlogos/ncaa/500-dark/55.png","@JSUGamecocksFB","3662","AmFirst Stadium","Jacksonville","AL","36265","US","America/Chicago","33.8201052","-85.76647","198.0679016","24000","1947","false","false"
"56","Stetson","Hatters","STET","STET","Stetson","Pioneer","","fcs","#0a5640","#56854e","http://a.espncdn.com/i/teamlogos/ncaa/500/56.png","http://a.espncdn.com/i/teamlogos/ncaa/500-dark/56.png","@StetsonFootball","4416","Spec Martin Municipal Stadium","DeLand","FL","32720","US","","29.0208575","-81.2993746","14.65544891","6000","1941","","false"
"57","Florida","Gators","FLA","FLA","Florida","SEC","East","fbs","#0021a5","#fa4616","http://a.espncdn.com/i/teamlogos/ncaa/500/57.png","http://a.espncdn.com/i/teamlogos/ncaa/500-dark/57.png","@GatorsFB","3634","Ben Hill Griffin Stadium","Gainesville","FL","32653","US","America/New_York","29.6499357","-82.3485788","44.97250748","88548","1930","true","false"
"58","South Florida","Bulls","USF","USF","South Florida","American Athletic","","fbs","#004A36","#231f20","http://a.espncdn.com/i/teamlogos/ncaa/500/58.png","http://a.espncdn.com/i/teamlogos/ncaa/500-dark/58.png","@USFFootball","3886","Raymond James Stadium","Tampa","FL","33620","US","America/New_York","27.9758691","-82.5033344","11.07972908","65828","1998","true","false"
"59","Georgia Tech","Yellow Jackets","GT","GT","Georgia Tech","ACC","Coastal","fbs","#003057","#b3a369","http://a.espncdn.com/i/teamlogos/ncaa/500/59.png","http://a.espncdn.com/i/teamlogos/ncaa/500-dark/59.png","@GeorgiaTechFB","721","Bobby Dodd Stadium","Atlanta","GA","30332","US","America/New_York","33.7724449","-84.3928054","279.300415","55000","1913","false","false"
"61","Georgia","Bulldogs","UGA","UGA","Georgia","SEC","East","fbs","#ba0c2f","#ffffff","http://a.espncdn.com/i/teamlogos/ncaa/500/61.png","http://a.espncdn.com/i/teamlogos/ncaa/500-dark/61.png","@GeorgiaFootball","3917","Sanford Stadium","Athens","GA","30602","US","America/New_York","33.9498197","-83.3733813","186.1120758","92746","1929","true","false"
"62","Hawai'i","Rainbow Warriors","HAW","HAW","Hawai'i","Mountain West","West","fbs","#003420","#ffffff","http://a.espncdn.com/i/teamlogos/ncaa/500/62.png","http://a.espncdn.com/i/teamlogos/ncaa/500-dark/62.png","@HawaiiFootball","7220","Clarence T.C. Ching Athletics Complex","Honolulu","HI","96822","","","21.294294","-157.819338","20","9000","","true","false"
"66","Iowa State","Cyclones","ISU","ISU","Iowa State","Big 12","","fbs","#822433","#fdca2f","http://a.espncdn.com/i/teamlogos/ncaa/500/66.png","http://a.espncdn.com/i/teamlogos/ncaa/500-dark/66.png","@CycloneFB","3772","Jack Trice Stadium","Ames","IA","50011","US","America/Chicago","42.0139977","-93.6357716","274.9135437","61500","1975","true","false"
"68","Boise State","Broncos","BOIS","BOIS","Boise St","Mountain West","Mountain","fbs","#0033a0","#fa4616","http://a.espncdn.com/i/teamlogos/ncaa/500/68.png","http://a.espncdn.com/i/teamlogos/ncaa/500-dark/68.png","@BroncoSportsFB","3653","Albertsons Stadium","Boise","ID","83725","US","America/Boise","43.6028839","-116.1958882","823.2221069","36387","1970","false","false"
"70","Idaho","Vandals","IDHO","IDHO","Idaho","FBS Independents","","fbs","#null","#8c6e4a","http://a.espncdn.com/i/teamlogos/ncaa/500/70.png","http://a.espncdn.com/i/teamlogos/ncaa/500-dark/70.png","@VandalFootball","3791","Kibbie Dome","Moscow","ID","83843","US","America/Los_Angeles","46.7262921","-117.0173713","794.4794922","16000","1975","false","true"
"77","Northwestern","Wildcats","NU","NU","Northwestern","Big Ten","Legends","fbs","#582c83","#ffffff","http://a.espncdn.com/i/teamlogos/ncaa/500/77.png","http://a.espncdn.com/i/teamlogos/ncaa/500-dark/77.png","@NUFBFamily","3911","Ryan Field","Evanston","IL","60208","US","America/Chicago","42.0653994","-87.6924751","181.2376099","47130","1926","true","false"
"79","Southern Illinois","Salukis","SIU","SIU","S Illinois","MVFC","","fcs","#85283D","#c2c3c0","http://a.espncdn.com/i/teamlogos/ncaa/500/79.png","http://a.espncdn.com/i/teamlogos/ncaa/500-dark/79.png","@SIU_Football","3913","Saluki Stadium","Carbondale","IL","62901","US","America/Chicago","37.708637","-89.216212","126.7586365","15000","2010","false","false"
"84","Indiana","Hoosiers","IU","IU","Indiana","Big Ten","Leaders","fbs","#990000","#edebeb","http://a.espncdn.com/i/teamlogos/ncaa/500/84.png","http://a.espncdn.com/i/teamlogos/ncaa/500-dark/84.png","@IndianaFootball","3830","Memorial Stadium (Bloomington, IN)","Bloomington","IN","47408","US","America/Indiana/Indianapolis","39.1808959","-86.5256217","231.6500854","52656","1960","false","false"
"87","Notre Dame","Fighting Irish","ND","ND","Notre Dame","FBS Independents","","fbs","#0c2340","#c99700","http://a.espncdn.com/i/teamlogos/ncaa/500/87.png","http://a.espncdn.com/i/teamlogos/ncaa/500-dark/87.png","@NDFootball","3855","Notre Dame Stadium","Notre Dame","IN","46556","US","America/Indiana/Indianapolis","41.698378","-86.2339425","222.645401","80795","1930","false","false"
"93","Murray State","Racers","MUR","MUR","Murray St","OVC","","fcs","#002148","#000e00","http://a.espncdn.com/i/teamlogos/ncaa/500/93.png","http://a.espncdn.com/i/teamlogos/ncaa/500-dark/93.png","@RacersFootball","3909","Roy Stewart Stadium","Murray","KY","42071","US","America/Chicago","36.6215165","-88.3175531","152.6495667","16800","1973","false","false"
"96","Kentucky","Wildcats","UK","UK","Kentucky","SEC","East","fbs","#0033a0","#ffffff","http://a.espncdn.com/i/teamlogos/ncaa/500/96.png","http://a.espncdn.com/i/teamlogos/ncaa/500-dark/96.png","@UKFootball","3683","Kroger Field","Lexington","KY","40506","US","America/New_York","38.0220905","-84.5053408","307.4248962","61000","1973","false","false"
"97","Louisville","Cardinals","LOU","LOU","Louisville","American Athletic","","fbs","#c9001f","#000000","http://a.espncdn.com/i/teamlogos/ncaa/500/97.png","http://a.espncdn.com/i/teamlogos/ncaa/500-dark/97.png","@LouisvilleFB","3873","L&N Federal Credit Union Stadium","Louisville","KY","40292","US","America/Kentucky/Louisville","38.2057621","-85.7588141","138.5615997","60000","1998","false","false"
"98","Western Kentucky","Hilltoppers","WKU","WKU","Western KY","Sun Belt","","fbs","#F32026","#b3b5b8","http://a.espncdn.com/i/teamlogos/ncaa/500/98.png","http://a.espncdn.com/i/teamlogos/ncaa/500-dark/98.png","@WKUFootball","3796","Houchens Industries-L.T. Smith Stadium","Bowling Green","KY","42101","US","America/Chicago","36.9847901","-86.4594041","154.4346619","22113","1968","false","false"
"99","LSU","Tigers","LSU","Louisiana State","LSU","SEC","West","fbs","#461d7c","#fdd023","http://a.espncdn.com/i/teamlogos/ncaa/500/99.png","http://a.espncdn.com/i/teamlogos/ncaa/500-dark/99.png","@LSUFootball","3958","Tiger Stadium (LA)","Baton Rouge","LA","70803","US","America/Chicago","30.412035","-91.1838163","7.640734673","102321","1924","true","false"
"103","Boston College","Eagles","BC","BC","Boston College","ACC","Atlantic","fbs","#8c2232","#dbcca6","http://a.espncdn.com/i/teamlogos/ncaa/500/103.png","http://a.espncdn.com/i/teamlogos/ncaa/500-dark/103.png","@BCFootball","3615","Alumni Stadium (Chestnut Hill, MA)","Chestnut Hill","MA","2467 ","US","America/New_York","42.335104","-71.1664413","39.82634354","44500","1957","false","false"
"107","Holy Cross","Crusaders","HC","HC","Holy Cross","Patriot","","fcs","#0a0a0a","#080808","http://a.espncdn.com/i/teamlogos/ncaa/500/107.png","http://a.espncdn.com/i/teamlogos/ncaa/500-dark/107.png","@HCrossFB","3722","Fitton Field","Worcester","MA","1601 ","US","America/New_York","42.2403564","-71.8111424","137.3915253","23500","1924","true","false"
"108","Harvard","Crimson","HARV","HARV","Harvard","Ivy","","fcs","#990000","#dbdbdb","http://a.espncdn.com/i/teamlogos/ncaa/500/108.png","http://a.espncdn.com/i/teamlogos/ncaa/500-dark/108.png","@HarvardFootball","3750","Harvard Stadium","Boston","MA","2134 ","US","America/New_York","42.366704","-71.1267511","1.96428895","30323","1903","false","false"
"113","Massachusetts","Minutemen","MASS","UMass","MASS","Mid-American","East","fbs","#971B2F","#B1B3B3","http://a.espncdn.com/i/teamlogos/ncaa/500/113.png","http://a.espncdn.com/i/teamlogos/ncaa/500-dark/113.png","@UMassFootball","3985","Warren McGuirk Alumni Stadium","Hadley","MA","1003 ","US","America/New_York","42.3773244","-72.5360595","46.58664703","17000","1965","false","false"
"119","Towson","Tigers","TOW","TOW","Towson","CAA","","fcs","#FFC229","#null","http://a.espncdn.com/i/teamlogos/ncaa/500/119.png","http://a.espncdn.com/i/teamlogos/ncaa/500-dark/119.png","@Towson_FB","3781","Johnny Unitas Stadium","Towson","MD","21252","US","America/New_York","39.3885683","-76.6159716","117.6974106","11200","1978","false","false"
"120","Maryland","Terrapins","MD","MD","Maryland","ACC","Atlantic","fbs","#D5002B","#ffcd00","http://a.espncdn.com/i/teamlogos/ncaa/500/120.png","http://a.espncdn.com/i/teamlogos/ncaa/500-dark/120.png","@TerpsFootball","3665","SECU Stadium","College Park","MD","20742","US","America/New_York","38.9903332","-76.9473792","32.68748093","51802","1950","false","false"
"127","Michigan State","Spartans","MSU","MSU","Michigan St","Big Ten","Legends","fbs","#18453b","#ffffff","http://a.espncdn.com/i/teamlogos/ncaa/500/127.png","http://a.espncdn.com/i/teamlogos/ncaa/500-dark/127.png","@MSU_Football","3936","Spartan Stadium","East Lansing","MI","48824","US","America/Detroit","42.7281474","-84.4848526","254.8794861","75005","1923","true","false"
"130","Michigan","Wolverines","MICH","MICH","Michigan","Big Ten","Legends","fbs","#00274c","#ffcb05","http://a.espncdn.com/i/teamlogos/ncaa/500/130.png","http://a.espncdn.com/i/teamlogos/ncaa/500-dark/130.png","@UMichFootball","3558","Michigan Stadium","Ann Arbor","MI","48109","US","America/Detroit","42.2658365","-83.7486956","255.5500031","107601","1927","false","false"
"135","Minnesota","Golden Gophers","MINN","MINN","Minnesota","Big Ten","Legends","fbs","#5e0a2f","#fab41c","http://a.espncdn.com/i/teamlogos/ncaa/500/135.png","http://a.espncdn.com/i/teamlogos/ncaa/500-dark/135.png","@GopherFootball","3953","Huntington Bank Stadium","Minneapolis","MN","55488","US","America/Chicago","44.976525","-93.2245462","254.3902283","50850","2009","false","false"
"142","Missouri","Tigers","MIZ","MIZ","Missouri","SEC","East","fbs","#f1b82d","#000000","http://a.espncdn.com/i/teamlogos/ncaa/500/142.png","http://a.espncdn.com/i/teamlogos/ncaa/500-dark/142.png","@MizzouFootball","3838","Memorial Stadium","Columbia","MO","65211","US","America/Chicago","38.9358491","-92.3332009","212.6865692","71168","1927","false","false"
"145","Ole Miss","Rebels","MISS","MISS","Ole Miss","SEC","West","fbs","#13294b","#c8102e","http://a.espncdn.com/i/teamlogos/ncaa/500/145.png","http://a.espncdn.com/i/teamlogos/ncaa/500-dark/145.png","@OleMissFB","3974","Vaught-Hemingway Stadium","Oxford","MS","38677","US","America/Chicago","34.3619837","-89.5342076","146.8517151","64038","1915","true","false"
"147","Montana State","Bobcats","MTST","MTST","Montana St","Big Sky","","fcs","#00205c","#bc955c","http://a.espncdn.com/i/teamlogos/ncaa/500/147.png","http://a.espncdn.com/i/teamlogos/ncaa/500-dark/147.png","@MSUBobcatsFB","3643","Bobcat Stadium","Bozeman","MT","59718","US","America/Denver","45.659048","-111.049547","1507.508667","17000","1973","false","false"
"149","Montana","Grizzlies","MONT","MONT","Montana","Big Sky","","fcs","#751D4A","#666666","http://a.espncdn.com/i/teamlogos/ncaa/500/149.png","http://a.espncdn.com/i/teamlogos/ncaa/500-dark/149.png","@MontanaGrizFB","3987","Washington-Grizzly Stadium","Missoula","MT","59812","US","America/Denver","46.8638753","-113.9815042","970.345459","25217","1986","false","false"
"150","Duke","Blue Devils","DUKE","DUKE","Duke","ACC","Coastal","fbs","#013088","#ffffff","http://a.espncdn.com/i/teamlogos/ncaa/500/150.png","http://a.espncdn.com/i/teamlogos/ncaa/500-dark/150.png","@DukeFootball","3982","Wallace Wade Stadium","Durham","NC","27708","US","America/New_York","35.9953688","-78.9417564","103.0028152","40004","1929","true","false"
"151","East Carolina","Pirates","ECU","ECU","East Carolina","Conference USA","East","fbs","#4b1869","#f0907b","http://a.espncdn.com/i/teamlogos/ncaa/500/151.png","http://a.espncdn.com/i/teamlogos/ncaa/500-dark/151.png","@ECUPiratesFB","3699","Dowdy-Ficklen Stadium","Greenville","NC","27858","US","America/New_York","35.5968486","-77.364564","19.0564537","50000","1963","true","false"
"152","NC State","Wolfpack","NCSU","North Carolina St.","NCSU","ACC","Atlantic","fbs","#cc0000","#ffffff","http://a.espncdn.com/i/teamlogos/ncaa/500/152.png","http://a.espncdn.com/i/teamlogos/ncaa/500-dark/152.png","@PackFootball","3670","Carter-Finley Stadium","Raleigh","NC","27695","US","America/New_York","35.8008001","-78.7195655","117.0089951","58000","1966","true","false"
"153","North Carolina","Tar Heels","UNC","UNC","North Carolina","ACC","Coastal","fbs","#7bafd4","#13294b","http://a.espncdn.com/i/teamlogos/ncaa/500/153.png","http://a.espncdn.com/i/teamlogos/ncaa/500-dark/153.png","@UNCFootball","3787","Kenan Stadium","Chapel Hill","NC","27515","US","America/New_York","35.9069294","-79.0478889","127.7569809","50500","1927","false","false"
"154","Wake Forest","Demon Deacons","WAKE","WAKE","Wake Forest","ACC","Atlantic","fbs","#9E7E38","#000000","http://a.espncdn.com/i/teamlogos/ncaa/500/154.png","http://a.espncdn.com/i/teamlogos/ncaa/500-dark/154.png","@WakeFB","3630","Allegacy Federal Credit Union Stadium","Winston-Salem","NC","27105","US","America/New_York","36.1305507","-80.2545851","283.548584","31500","1968","false","false"
"155","North Dakota","Fighting Hawks","UND","UND","North Dakota","Big Sky","","fcs","#00A26B","#c2c3c0","http://a.espncdn.com/i/teamlogos/ncaa/500/155.png","http://a.espncdn.com/i/teamlogos/ncaa/500-dark/155.png","@UNDFootball","3605","Alerus Center","Grand Forks","ND","58201","US","America/Chicago","47.910622","-97.090996","255.2472076","12283","2001","false","true"
"158","Nebraska","Cornhuskers","NEB","NEB","Nebraska","Big Ten","Legends","fbs","#d00000","#ffffff","http://a.espncdn.com/i/teamlogos/ncaa/500/158.png","http://a.espncdn.com/i/teamlogos/ncaa/500-dark/158.png","@HuskerFBNation","3834","Memorial Stadium (Lincoln, NE)","Lincoln","NE","68588","US","America/Chicago","40.820682","-96.705594","354.9318848","85458","1923","false","false"
"159","Dartmouth","Big Green","DART","DART","Dartmouth","Ivy","","fcs","#005730","#000000","http://a.espncdn.com/i/teamlogos/ncaa/500/159.png","http://a.espncdn.com/i/teamlogos/ncaa/500-dark/159.png","@DartFootball","3826","Memorial Field","Hanover","NH","3755 ","US","America/New_York","43.701302","-72.2842781","152.3080139","11000","1923","false","false"
"160","New Hampshire","Wildcats","UNH","UNH","New Hampshire","CAA","","fcs","#004990","#c3c4c6","http://a.espncdn.com/i/teamlogos/ncaa/500/160.png","http://a.espncdn.com/i/teamlogos/ncaa/500-dark/160.png","@UNH_Football","3688","Wildcat Stadium","Durham","NH","3824 ","US","America/New_York","43.1386231","-70.9393077","19.05943298","11015","1936","false","false"
"163","Princeton","Tigers","PRIN","PRIN","Princeton","Ivy","","fcs","#null","#ff6000","http://a.espncdn.com/i/teamlogos/ncaa/500/163.png","http://a.espncdn.com/i/teamlogos/ncaa/500-dark/163.png","@PUTigerFootball","3881","Princeton University Stadium","Princeton","NJ","8540 ","US","America/New_York","40.3457928","-74.6500047","32.00296402","27800","1998","false","false"
"164","Rutgers","Scarlet Knights","RUTG","RUTG","Rutgers","American Athletic","","fbs","#d21034","#ffffff","http://a.espncdn.com/i/teamlogos/ncaa/500/164.png","http://a.espncdn.com/i/teamlogos/ncaa/500-dark/164.png","@Rfootball","6577","SHI Stadium","Piscataway","NJ","08854","US","","40.5462553","-74.4660408","","52454","","false","false"
"166","New Mexico State","Aggies","NMSU","NMSU","New Mexico St","FBS Independents","","fbs","#891216","#000000","http://a.espncdn.com/i/teamlogos/ncaa/500/166.png","http://a.espncdn.com/i/teamlogos/ncaa/500-dark/166.png","@NMStateFootball","3601","Aggie Memorial Stadium","Las Cruces","NM","88003","US","America/Denver","32.2796202","-106.7411148","1208.201294","28853","1978","false","false"
"167","New Mexico","Lobos","UNM","UNM","New Mexico","Mountain West","Mountain","fbs","#BA0C2F","#a7a8aa","http://a.espncdn.com/i/teamlogos/ncaa/500/167.png","http://a.espncdn.com/i/teamlogos/ncaa/500-dark/167.png","@UNMLoboFB","3971","University Stadium (NM)","Albuquerque","NM","87131","US","America/Denver","35.0669479","-106.6283225","1554.471924","39224","1960","false","false"
"171","Columbia","Lions","COLU","COLU","Columbia","Ivy","","fcs","#174785","#004b85","http://a.espncdn.com/i/teamlogos/ncaa/500/171.png","http://a.espncdn.com/i/teamlogos/ncaa/500-dark/171.png","@ColumbiaLionsFB","3802","Lawrence A. Wien Stadium","Manhattan","NY","10034","US","America/New_York","40.8732697","-73.9164594","10.95070267","17000","1984","false","false"
"172","Cornell","Big Red","COR","COR","Cornell","Ivy","","fcs","#d60027","#101010","http://a.espncdn.com/i/teamlogos/ncaa/500/172.png","http://a.espncdn.com/i/teamlogos/ncaa/500-dark/172.png","@BigRed_Football","3921","Schoellkopf Field","Ithaca","NY","14850","US","America/New_York","42.4439016","-76.4785398","257.3187561","21500","1915","false","false"
"183","Syracuse","Orange","SYR","SYR","Syracuse","ACC","Atlantic","fbs","#ff6500","#000e54","http://a.espncdn.com/i/teamlogos/ncaa/500/183.png","http://a.espncdn.com/i/teamlogos/ncaa/500-dark/183.png","@CuseFootball","1964","JMA Wireless Dome","Syracuse","NY","13244","US","America/New_York","43.0362269","-76.1363161","162.6989746","49057","1980","false","true"
"189","Bowling Green","Falcons","BGSU","Bowling Green State","BGSU","Mid-American","East","fbs","#2b1000","#492000","http://a.espncdn.com/i/teamlogos/ncaa/500/189.png","http://a.espncdn.com/i/teamlogos/ncaa/500-dark/189.png","@BG_Football","3700","Doyt L. Perry Stadium","Bowling Green","OH","43403","US","America/New_York","41.3780114","-83.6225","205.9057465","24000","1966","false","false"
"193","Miami (OH)","RedHawks","M-OH","M-OH","Miami OH","Mid-American","East","fbs","#a4000c","#f0f0f0","http://a.espncdn.com/i/teamlogos/ncaa/500/193.png","http://a.espncdn.com/i/teamlogos/ncaa/500-dark/193.png","@MiamiOHFootball","3996","Yager Stadium","Oxford","OH","45056","US","America/New_York","39.5197009","-84.7330255","242.2643585","24286","1983","false","false"
"194","Ohio State","Buckeyes","OSU","OSU","Ohio State","Big Ten","Leaders","fbs","#ce1141","#505056","http://a.espncdn.com/i/teamlogos/ncaa/500/194.png","http://a.espncdn.com/i/teamlogos/ncaa/500-dark/194.png","@OhioStateFB","3861","Ohio Stadium","Columbus","OH","43210","US","America/New_York","40.0016447","-83.0197266","216.6770325","102780","1922","false","false"
"195","Ohio","Bobcats","OHIO","OHIO","Ohio","Mid-American","East","fbs","#295A29","#e4bb85","http://a.espncdn.com/i/teamlogos/ncaa/500/195.png","http://a.espncdn.com/i/teamlogos/ncaa/500-dark/195.png","@OhioFootball","3876","Peden Stadium","Athens","OH","45701","US","America/New_York","39.3212794","-82.1034315","194.230896","24000","1929","false","false"
"197","Oklahoma State","Cowboys","OKST","OKST","Oklahoma St","Big 12","","fbs","#FF7300","#000000","http://a.espncdn.com/i/teamlogos/ncaa/500/197.png","http://a.espncdn.com/i/teamlogos/ncaa/500-dark/197.png","@CowboyFB","3646","Boone Pickens Stadium","Stillwater","OK","74078","US","America/Chicago","36.125673","-97.066513","276.4808655","55509","1919","false","false"
"201","Oklahoma","Sooners","OU","OU","Oklahoma","Big 12","","fbs","#a32036","#ffffff","http://a.espncdn.com/i/teamlogos/ncaa/500/201.png","http://a.espncdn.com/i/teamlogos/ncaa/500-dark/201.png","@OU_Football","3835","Memorial Stadium (Norman, OK)","Norman","OK","73019","US","America/Chicago","35.2058537","-97.4423145","355.0962524","86112","1925","true","false"
"202","Tulsa","Golden Hurricane","TLSA","TLSA","Tulsa","Conference USA","West","fbs","#003595","#d0b787","http://a.espncdn.com/i/teamlogos/ncaa/500/202.png","http://a.espncdn.com/i/teamlogos/ncaa/500-dark/202.png","@TulsaFootball","3674","Chapman Stadium","Tulsa","OK","74194","US","America/Chicago","36.1489175","-95.9437853","235.5928345","30000","1930","false","false"
"204","Oregon State","Beavers","ORST","ORST","Oregon St","Pac-12","North","fbs","#231f20","#d73f09","http://a.espncdn.com/i/teamlogos/ncaa/500/204.png","http://a.espncdn.com/i/teamlogos/ncaa/500-dark/204.png","@BeaverFootball","3893","Reser Stadium","Corvallis","OR","97331","US","America/Los_Angeles","44.5594559","-123.2814341","66.90744781","43363","1953","false","false"
"213","Penn State","Nittany Lions","PSU","PSU","Penn State","Big Ten","Leaders","fbs","#041E42","#FFFFFF","http://a.espncdn.com/i/teamlogos/ncaa/500/213.png","http://a.espncdn.com/i/teamlogos/ncaa/500-dark/213.png","@PennStateFball","3632","Beaver Stadium","University Park","PA","16802","US","America/New_York","40.8121958","-77.8561023","354.1551514","106572","1960","true","false"
"218","Temple","Owls","TEM","TEM","Temple","American Athletic","","fbs","#A80532","#a7a9ac","http://a.espncdn.com/i/teamlogos/ncaa/500/218.png","http://a.espncdn.com/i/teamlogos/ncaa/500-dark/218.png","@Temple_FB","3806","Lincoln Financial Field","Philadelphia","PA","19122","US","America/New_York","39.9007995","-75.1675414","3.198706865","69879","2003","false","false"
"219","Pennsylvania","Quakers","PENN","PENN","Penn","Ivy","","fcs","#082A74","#a6163d","http://a.espncdn.com/i/teamlogos/ncaa/500/219.png","http://a.espncdn.com/i/teamlogos/ncaa/500-dark/219.png","@PENNfb","3730","Franklin Field","Philadelphia","PA","19104","US","America/New_York","39.9501475","-75.1901043","11.71361065","52593","1895","false","false"
"221","Pittsburgh","Panthers","PITT","Pitt","PITT","ACC","Coastal","fbs","#003263","#231f20","http://a.espncdn.com/i/teamlogos/ncaa/500/221.png","http://a.espncdn.com/i/teamlogos/ncaa/500-dark/221.png","@Pitt_FB","3752","Acrisure Stadium","Pittsburgh","PA","15260","US","America/New_York","40.4467648","-80.0157603","220.5887146","68400","2001","true","false"
"222","Villanova","Wildcats","VILL","VILL","Villanova","CAA","","fcs","#00205b","#13b5ea","http://a.espncdn.com/i/teamlogos/ncaa/500/222.png","http://a.espncdn.com/i/teamlogos/ncaa/500-dark/222.png","@NovaFootball","717","Villanova Stadium","Villanova","PA","19085","US","America/New_York","40.0343329","-75.3367666","127.3836746","12500","1927","false","false"
"225","Brown","Bears","BRWN","BRWN","Brown","Ivy","","fcs","#411e09","#949300","http://a.espncdn.com/i/teamlogos/ncaa/500/225.png","http://a.espncdn.com/i/teamlogos/ncaa/500-dark/225.png","@BrownU_Football","3656","Brown Stadium","Providence","RI","2912 ","US","America/New_York","41.842114","-71.3939416","33.87348557","20000","1925","false","false"
"227","Rhode Island","Rams","URI","URI","Rhode Island","CAA","","fcs","#091f3f","#5ab3e8","http://a.espncdn.com/i/teamlogos/ncaa/500/227.png","http://a.espncdn.com/i/teamlogos/ncaa/500-dark/227.png","@RhodyFootball","3824","Meade Stadium","Kingston","RI","2881 ","US","America/New_York","41.4879984","-71.5347458","32.68801498","8000","1928","true","false"
"228","Clemson","Tigers","CLEM","CLEM","Clemson","ACC","Atlantic","fbs","#f56600","#522d80","http://a.espncdn.com/i/teamlogos/ncaa/500/228.png","http://a.espncdn.com/i/teamlogos/ncaa/500-dark/228.png","@ClemsonFB","3836","Memorial Stadium (Clemson, SC)","Clemson","SC","29634","US","America/New_York","34.6787737","-82.8432428","205.6452179","81500","1942","true","false"
"231","Furman","Paladins","FUR","FUR","Furman","Southern","","fcs","#582c83","#ffffff","http://a.espncdn.com/i/teamlogos/ncaa/500/231.png","http://a.espncdn.com/i/teamlogos/ncaa/500-dark/231.png","@PaladinFootball","3868","Paladin Stadium","Greenville","SC","29617","US","America/New_York","34.920192","-82.4370917","303.2829285","16000","1981","false","false"
"233","South Dakota","Coyotes","SDAK","SDAK","South Dakota","MVFC","","fcs","#CD1241","#f0f0f0","http://a.espncdn.com/i/teamlogos/ncaa/500/233.png","http://a.espncdn.com/i/teamlogos/ncaa/500-dark/233.png","@SDCoyotesFB","1905","DakotaDome","Vermillion","SD","57069","US","America/Chicago","42.7911218","-96.9278427","373.3928833","9100","1979","false","true"
"235","Memphis","Tigers","MEM","MEM","Memphis","American Athletic","","fbs","#004991","#8e908f","http://a.espncdn.com/i/teamlogos/ncaa/500/235.png","http://a.espncdn.com/i/teamlogos/ncaa/500-dark/235.png","@MemphisFB","3805","Simmons Bank Liberty Stadium","Memphis","TN","38152","US","America/Chicago","35.1209429","-89.977147","90.62445831","58325","1965","false","false"
"236","Chattanooga","Mocs","UTC","UTC","Chattanooga","Southern","","fcs","#00386b","#dca71d","http://a.espncdn.com/i/teamlogos/ncaa/500/236.png","http://a.espncdn.com/i/teamlogos/ncaa/500-dark/236.png","@GoMocsFB","3720","Finley Stadium","Chattanooga","TN","37403","US","America/New_York","35.0363792","-85.3158835","200.1825104","20668","1997","false","false"
"238","Vanderbilt","Commodores","VAN","VAN","Vanderbilt","SEC","East","fbs","#866d4b","#000000","http://a.espncdn.com/i/teamlogos/ncaa/500/238.png","http://a.espncdn.com/i/teamlogos/ncaa/500-dark/238.png","@VandyFootball","3973","FirstBank Stadium","Nashville","TN","37212","US","America/Chicago","36.1440455","-86.8088942","159.9194641","40351","1922","false","false"
"239","Baylor","Bears","BAY","BAY","Baylor","Big 12","","fbs","#154734","#ffb81c","http://a.espncdn.com/i/teamlogos/ncaa/500/239.png","http://a.espncdn.com/i/teamlogos/ncaa/500-dark/239.png","@BUFootball","4727","McLane Stadium","Waco","TX","76704","US","America/Chicago","31.5582015","-97.1156702","117.0538101","45140","2014","false","false"
"242","Rice","Owls","RICE","RICE","Rice","Conference USA","West","fbs","#d1d5d8","#003d7d","http://a.espncdn.com/i/teamlogos/ncaa/500/242.png","http://a.espncdn.com/i/teamlogos/ncaa/500-dark/242.png","@RiceFootball","3895","Rice Stadium","Houston","TX","77251","US","America/Chicago","29.7163297","-95.4093261","7.148301601","47000","1950","false","false"
"245","Texas A&M","Aggies","TA&M","TA&M","Texas A&M","SEC","West","fbs","#500000","#ffffff","http://a.espncdn.com/i/teamlogos/ncaa/500/245.png","http://a.espncdn.com/i/teamlogos/ncaa/500-dark/245.png","@AggieFootball","3795","Kyle Field","College Station","TX","77843","US","America/Chicago","30.6098891","-96.3403828","108.824585","102733","1927","true","false"
"248","Houston","Cougars","HOU","HOU","Houston","American Athletic","","fbs","#c92a39","#ffffff","http://a.espncdn.com/i/teamlogos/ncaa/500/248.png","http://a.espncdn.com/i/teamlogos/ncaa/500-dark/248.png","@UHCougarFB","4728","TDECU Stadium","Houston","TX","77004","US","America/Chicago","29.7219885","-95.3491623","9.57440567","40000","2014","false","false"
"249","North Texas","Mean Green","UNT","UNT","North Texas","Conference USA","West","fbs","#00853E","#000000","http://a.espncdn.com/i/teamlogos/ncaa/500/249.png","http://a.espncdn.com/i/teamlogos/ncaa/500-dark/249.png","@MeanGreenFB","3825","DATCU Stadium","Denton","TX","76210","US","America/Chicago","33.203899","-97.159245","198.6871948","30850","2011","false","false"
"251","Texas","Longhorns","TEX","TEX","Texas","Big 12","","fbs","#c15d26","#ffffff","http://a.espncdn.com/i/teamlogos/ncaa/500/251.png","http://a.espncdn.com/i/teamlogos/ncaa/500-dark/251.png","@TexasFootball","3910","DKR-Texas Memorial Stadium","Austin","TX","78712","US","America/Chicago","30.2836813","-97.7325345","160.3089447","100119","1924","false","false"
"252","BYU","Cougars","BYU","Brigham Young","BYU","FBS Independents","","fbs","#003da5","#ffffff","http://a.espncdn.com/i/teamlogos/ncaa/500/252.png","http://a.espncdn.com/i/teamlogos/ncaa/500-dark/252.png","@BYUFootball","3801","LaVell Edwards Stadium","Provo","UT","84602","US","America/Denver","40.2575347","-111.6545247","1412.097046","63470","1964","true","false"
"253","Southern Utah","Thunderbirds","SUU","SUU","Southern Utah","Big Sky","","fcs","#c72026","#000000","http://a.espncdn.com/i/teamlogos/ncaa/500/253.png","http://a.espncdn.com/i/teamlogos/ncaa/500-dark/253.png","@SUUFB","3706","Eccles Coliseum","Cedar City","UT","84720","US","America/Denver","37.6757919","-113.0773938","1763.97644","10000","1967","false","false"
"254","Utah","Utes","UTAH","UTAH","Utah","Pac-12","South","fbs","#ea002a","#ffffff","http://a.espncdn.com/i/teamlogos/ncaa/500/254.png","http://a.espncdn.com/i/teamlogos/ncaa/500-dark/254.png","@Utah_Football","587","Rice-Eccles Stadium","Salt Lake City","UT","84112","US","America/Denver","40.7599724","-111.8488255","1411.543579","51444","1998","false","false"
"256","James Madison","Dukes","JMU","JMU","James Madison","CAA","","fcs","#450084","#b5a068","http://a.espncdn.com/i/teamlogos/ncaa/500/256.png","http://a.espncdn.com/i/teamlogos/ncaa/500-dark/256.png","@JMUFootball","3651","Bridgeforth Stadium","Harrisonburg","VA","22807","US","America/New_York","38.4352919","-78.8729349","399.303009","24877","1975","false","false"
"257","Richmond","Spiders","RICH","RICH","Richmond","CAA","","fcs","#9e0712","#b90b2e","http://a.espncdn.com/i/teamlogos/ncaa/500/257.png","http://a.espncdn.com/i/teamlogos/ncaa/500-dark/257.png","@SpiderFootball","2068","E. Claiborne Robins Stadium","Richmond","VA","23173","US","America/New_York","37.5807765","-77.5372211","60.03879166","8217","2010","false","false"
"258","Virginia","Cavaliers","UVA","UVA","Virginia","ACC","Coastal","fbs","#232d4b","#f84c1e","http://a.espncdn.com/i/teamlogos/ncaa/500/258.png","http://a.espncdn.com/i/teamlogos/ncaa/500-dark/258.png","@UVAFootball","3923","Scott Stadium","Charlottesville","VA","22904","US","America/New_York","38.0311801","-78.5137897","170.4677429","61500","1931","true","false"
"259","Virginia Tech","Hokies","VT","VT","Virginia Tech","ACC","Coastal","fbs","#630031","#cf4520","http://a.espncdn.com/i/teamlogos/ncaa/500/259.png","http://a.espncdn.com/i/teamlogos/ncaa/500-dark/259.png","@VT_Football","3799","Lane Stadium","Blacksburg","VA","24061","US","America/New_York","37.2199873","-80.4180643","632.2631226","65632","1965","true","false"
"264","Washington","Huskies","WASH","WASH","Washington","Pac-12","North","fbs","#33006f","#e8d3a2","http://a.espncdn.com/i/teamlogos/ncaa/500/264.png","http://a.espncdn.com/i/teamlogos/ncaa/500-dark/264.png","@UW_Football","3765","Husky Stadium","Seattle","WA","98195","US","America/Los_Angeles","47.6503235","-122.3015746","11.65622807","70138","1920","false","false"
"265","Washington State","Cougars","WSU","WSU","Washington St","Pac-12","North","fbs","#981e32","#ffffff","http://a.espncdn.com/i/teamlogos/ncaa/500/265.png","http://a.espncdn.com/i/teamlogos/ncaa/500-dark/265.png","@WSUCougarFB","3820","Gesa Field","Pullman","WA","99164","US","America/Los_Angeles","46.731831","-117.1604991","773.9526367","32952","1972","false","false"
"275","Wisconsin","Badgers","WIS","WIS","Wisconsin","Big Ten","Leaders","fbs","#c4012f","#ffffff","http://a.espncdn.com/i/teamlogos/ncaa/500/275.png","http://a.espncdn.com/i/teamlogos/ncaa/500-dark/275.png","@BadgerFootball","347","Camp Randall Stadium","Madison","WI","53711","US","America/Chicago","43.06994","-89.4126943","263.604126","80321","1917","false","false"
"276","Marshall","Thundering Herd","MRSH","MRSH","Marshall","Conference USA","East","fbs","#00ae42","#be854c","http://a.espncdn.com/i/teamlogos/ncaa/500/276.png","http://a.espncdn.com/i/teamlogos/ncaa/500-dark/276.png","@HerdFB","3775","Joan C. Edwards Stadium","Huntington","WV","25755","US","America/New_York","38.4247042","-82.4214412","163.7328186","38016","1991","false","false"
"277","West Virginia","Mountaineers","WVU","WVU","West Virginia","Big 12","","fbs","#002855","#eaaa00","http://a.espncdn.com/i/teamlogos/ncaa/500/277.png","http://a.espncdn.com/i/teamlogos/ncaa/500-dark/277.png","@WVUFootball","3842","Milan Puskar Stadium","Morgantown","WV","26507","US","America/New_York","39.6502744","-79.9551873","327.409668","60000","1980","false","false"
"278","Fresno State","Bulldogs","FRES","FRES","Fresno St","Mountain West","West","fbs","#db0032","#002e6d","http://a.espncdn.com/i/teamlogos/ncaa/500/278.png","http://a.espncdn.com/i/teamlogos/ncaa/500-dark/278.png","@FresnoStateFB","3660","Valley Children's Stadium","Fresno","CA","93740","US","America/Los_Angeles","36.8143527","-119.7580092","102.564064","41031","1980","false","false"
"282","Indiana State","Sycamores","INST","INST","Indiana St","MVFC","","fcs","#00669a","#f0f0f0","http://a.espncdn.com/i/teamlogos/ncaa/500/282.png","http://a.espncdn.com/i/teamlogos/ncaa/500-dark/282.png","@IndianaStateFB","3829","Memorial Stadium","Terre Haute","IN","47809","US","America/Indiana/Indianapolis","39.4746858","-87.3669599","155.5213165","12764","1925","false","false"
"290","Georgia Southern","Eagles","GASO","GASO","GA Southern","Southern","","fcs","#003775","#f0f0f0","http://a.espncdn.com/i/teamlogos/ncaa/500/290.png","http://a.espncdn.com/i/teamlogos/ncaa/500-dark/290.png","@GSAthletics_FB","3608","Allen E. Paulson Stadium","Statesboro","GA","30460","US","America/New_York","32.4122471","-81.7849296","61.25376892","25000","1984","false","false"
"294","Jacksonville","Dolphins","JAC","JAC","Jacksonville","Pioneer","","fcs","#00523e","#null","http://a.espncdn.com/i/teamlogos/ncaa/500/294.png","http://a.espncdn.com/i/teamlogos/ncaa/500-dark/294.png","","","","","","","","","","","","","","",""
"301","San Diego","Toreros","USD","USD","San Diego","Pioneer","","fcs","#2f99d4","#2f99d4","http://a.espncdn.com/i/teamlogos/ncaa/500/301.png","http://a.espncdn.com/i/teamlogos/ncaa/500-dark/301.png","@USDFootball","716","Torero Stadium","San Diego","CA","92111","US","America/Los_Angeles","32.7730674","-117.183721","57.95064545","6000","1961","true","false"
"302","UC Davis","Aggies","UCD","California-Davis","UCD","Big Sky","","fcs","#002855","#c3c4c6","http://a.espncdn.com/i/teamlogos/ncaa/500/302.png","http://a.espncdn.com/i/teamlogos/ncaa/500-dark/302.png","@UCDfootball","3602","Aggie Stadium","Davis","CA","95616","US","America/Los_Angeles","38.5365266","-121.7627936","11.3825922","10743","2007","false","false"
"304","Idaho State","Bengals","IDST","IDST","Idaho St","Big Sky","","fcs","#ef8c00","#e9a126","http://a.espncdn.com/i/teamlogos/ncaa/500/304.png","http://a.espncdn.com/i/teamlogos/ncaa/500-dark/304.png","@IdahoStateFB","1930","Holt Arena","Pocatello","ID","83201","US","America/Boise","42.8702052","-112.4281274","1390.252441","12000","1970","false","true"
"309","Louisiana","Ragin' Cajuns","UL","UL Lafayette","UL","Sun Belt","East","fbs","#ce181e","#ffffff","http://a.espncdn.com/i/teamlogos/ncaa/500/309.png","http://a.espncdn.com/i/teamlogos/ncaa/500-dark/309.png","@RaginCajunsFB","3666","Cajun Field","Lafayette","LA","70506","US","America/Chicago","30.2158434","-92.0417371","3.556508303","41426","1971","false","false"
"311","Maine","Black Bears","ME","ME","Maine","CAA","","fcs","#127dbe","#null","http://a.espncdn.com/i/teamlogos/ncaa/500/311.png","http://a.espncdn.com/i/teamlogos/ncaa/500-dark/311.png","@BlackBearsFB","3607","Alfond Stadium","Orono","ME","4469 ","US","America/New_York","44.905128","-68.6724718","35.4817543","10000","1998","false","false"
"322","Lafayette","Leopards","LAF","LAF","Lafayette","Patriot","","fcs","#790000","#a59474","http://a.espncdn.com/i/teamlogos/ncaa/500/322.png","http://a.espncdn.com/i/teamlogos/ncaa/500-dark/322.png","@LafColFootball","3721","Fisher Field","Easton","PA","18042","US","America/New_York","40.7009796","-75.2106499","81.43208313","13132","1926","false","false"
"324","Coastal Carolina","Chanticleers","CCU","CCU","Coastal Car","Big South","","fcs","#007073","#876447","http://a.espncdn.com/i/teamlogos/ncaa/500/324.png","http://a.espncdn.com/i/teamlogos/ncaa/500-dark/324.png","@CoastalFootball","3654","Brooks Stadium (SC)","Conway","SC","29528","US","America/New_York","33.7928506","-79.0166946","13.74894905","21000","2003","false","false"
"326","Texas State","Bobcats","TXST","TXST","Texas St","Sun Belt","East","fbs","#4e1719","#b4975a","http://a.espncdn.com/i/teamlogos/ncaa/500/326.png","http://a.espncdn.com/i/teamlogos/ncaa/500-dark/326.png","@TXStateFootball","3644","Bobcat Stadium (TX)","San Marcos","TX","78666","US","America/Chicago","29.8910008","-97.9255735","177.8676453","30000","1981","false","false"
"328","Utah State","Aggies","USU","USU","Utah State","Mountain West","Mountain","fbs","#00263a","#949ca1","http://a.espncdn.com/i/teamlogos/ncaa/500/328.png","http://a.espncdn.com/i/teamlogos/ncaa/500-dark/328.png","@USUFootball","3905","Maverik Stadium","Logan","UT","84322","US","America/Denver","41.7517394","-111.8116007","1427.914429","25513","1968","false","false"
"331","Eastern Washington","Eagles","EWU","EWU","E Washington","Big Sky","","fcs","#a10022","#abb4bc","http://a.espncdn.com/i/teamlogos/ncaa/500/331.png","http://a.espncdn.com/i/teamlogos/ncaa/500-dark/331.png","@EWUFootball","3906","Roos Field","Cheney","WA","99004","US","America/Los_Angeles","47.49278","-117.587353","750.2774658","8500","1967","false","false"
"333","Alabama","Crimson Tide","ALA","ALA","Alabama","SEC","West","fbs","#9e1632","#ffffff","http://a.espncdn.com/i/teamlogos/ncaa/500/333.png","http://a.espncdn.com/i/teamlogos/ncaa/500-dark/333.png","@AlabamaFTBL","3657","Bryant-Denny Stadium","Tuscaloosa","AL","35487","US","America/Chicago","33.2082752","-87.5503836","70.05136108","101821","1929","true","false"
"338","Kennesaw State","Owls","KENN","Kennesaw","KENN","Big South","","fcs","#fdbb30","#000000","http://a.espncdn.com/i/teamlogos/ncaa/500/338.png","http://a.espncdn.com/i/teamlogos/ncaa/500-dark/338.png","@KennesawStFB","4899","Fifth Third Stadium","Kennesaw","GA","48187","US","","34.0289318","-84.5676234","296.9589844","8318","2010","","false"
"344","Mississippi State","Bulldogs","MSST","MSST","Mississippi St","SEC","West","fbs","#5d1725","#c1c6c8","http://a.espncdn.com/i/teamlogos/ncaa/500/344.png","http://a.espncdn.com/i/teamlogos/ncaa/500-dark/344.png","@HailStateFB","3693","Davis Wade Stadium","Starkville","MS","39762","US","America/Chicago","33.4563403","-88.7933652","110.2742081","61337","1914","true","false"
"349","Army","Black Knights","ARMY","ARMY","Army","FBS Independents","","fbs","#ce9c00","#231f20","http://a.espncdn.com/i/teamlogos/ncaa/500/349.png","http://a.espncdn.com/i/teamlogos/ncaa/500-dark/349.png","@ArmyWP_Football","3841","Michie Stadium","West Point","NY","10996","US","America/New_York","41.3874924","-73.9640891","99.21277618","38000","1924","false","false"
"356","Illinois","Fighting Illini","ILL","ILL","Illinois","Big Ten","Leaders","fbs","#ff5f05","#13294b","http://a.espncdn.com/i/teamlogos/ncaa/500/356.png","http://a.espncdn.com/i/teamlogos/ncaa/500-dark/356.png","@IlliniFootball","3832","Memorial Stadium (Champaign, IL)","Champaign","IL","61820","US","America/Chicago","40.0993268","-88.2359569","223.2471619","60670","1923","false","false"
"399","UAlbany","Great Danes","ALB","SUNY Albany","ALB","CAA","","fcs","#3D2777","#ffffff","http://a.espncdn.com/i/teamlogos/ncaa/500/399.png","http://a.espncdn.com/i/teamlogos/ncaa/500-dark/399.png","@UAlbanyFootball","4419","Bob Ford Field","Albany","NY","12222","US","America/New_York","42.6808062","-73.8272841","64.42764282","8500","2013","false","false"
"2000","Abilene Christian","Wildcats","ACU","ACU","Abilene Chrstn","FCS Independents","","fcs","#592d82","#b1b3b3","http://a.espncdn.com/i/teamlogos/ncaa/500/2000.png","http://a.espncdn.com/i/teamlogos/ncaa/500-dark/2000.png","@ACUFootball","5440","Wildcat Stadium (TX)","Abilene","TX","79601","US","America/Chicago","32.472275","-99.710464","520.9","12000","2017","false","false"
"2005","Air Force","Falcons","AFA","AFA","Air Force","Mountain West","Mountain","fbs","#004a7b","#ffffff","http://a.espncdn.com/i/teamlogos/ncaa/500/2005.png","http://a.espncdn.com/i/teamlogos/ncaa/500-dark/2005.png","@AF_Football","3713","Falcon Stadium","Colorado Springs","CO","80840","US","America/Denver","38.9969701","-104.8436165","2024.875732","46692","1962","false","false"
"2006","Akron","Zips","AKR","AKR","Akron","Mid-American","East","fbs","#00285e","#84754e","http://a.espncdn.com/i/teamlogos/ncaa/500/2006.png","http://a.espncdn.com/i/teamlogos/ncaa/500-dark/2006.png","@ZipsFB","3768","InfoCision Stadium","Akron","OH","44399","US","America/New_York","41.0725534","-81.5083408","321.2875061","30000","2009","false","false"
"2010","Alabama A&M","Bulldogs","AAMU","AAMU","Alabama A&M","SWAC","East","fcs","#790000","#ffffff","http://a.espncdn.com/i/teamlogos/ncaa/500/2010.png","http://a.espncdn.com/i/teamlogos/ncaa/500-dark/2010.png","@AAMUFB","3809","Louis Crews Stadium","Huntsville","AL","35810","US","America/Chicago","34.7835363","-86.5784132","214.9181061","21000","1996","false","false"
"2011","Alabama State","Hornets","ALST","ALST","Alabama St","SWAC","East","fcs","#e9a900","#0a0a0a","http://a.espncdn.com/i/teamlogos/ncaa/500/2011.png","http://a.espncdn.com/i/teamlogos/ncaa/500-dark/2011.png","@BamaStateFB","4582","Hornet Stadium","Montgomery","AL","36106","US","America/Chicago","32.3642223","-86.2896902","79.35839844","26500","2012","false","false"
"2016","Alcorn State","Braves","ALCN","Alcorn","ALCN","SWAC","East","fcs","#4b0058","#46166a","http://a.espncdn.com/i/teamlogos/ncaa/500/2016.png","http://a.espncdn.com/i/teamlogos/ncaa/500-dark/2016.png","@BravesSports","3771","Jack Spinks Stadium","Lorman","MS","39096","US","America/Chicago","31.873621","-91.13488","72.25324249","22500","1992","false","false"
"2026","App State","Mountaineers","APP","Appalachian State","APP","Southern","","fcs","#ffcc00","#222222","http://a.espncdn.com/i/teamlogos/ncaa/500/2026.png","http://a.espncdn.com/i/teamlogos/ncaa/500-dark/2026.png","@AppState_FB","3792","Kidd Brewer Stadium","Boone","NC","28608","US","America/New_York","36.2114267","-81.6854278","991.3414307","30000","1962","false","false"
"2029","Arkansas-Pine Bluff","Golden Lions","UAPB","Arkansas Pine Bluff","UAPB","SWAC","West","fcs","#e0aa0f","#eaaa00","http://a.espncdn.com/i/teamlogos/ncaa/500/2029.png","http://a.espncdn.com/i/teamlogos/ncaa/500-dark/2029.png","@UAPBLionsRoar","3740","Golden Lion Stadium","Pine Bluff","AR","71601","US","America/Chicago","34.253327","-92.0214031","67.71961975","16000","2000","false","false"
"2032","Arkansas State","Red Wolves","ARST","ARST","Arkansas St","Sun Belt","East","fbs","#e81018","#000000","http://a.espncdn.com/i/teamlogos/ncaa/500/2032.png","http://a.espncdn.com/i/teamlogos/ncaa/500-dark/2032.png","@AStateFB","3625","Centennial Bank Stadium","Jonesboro","AR","72404","US","America/Chicago","35.8488977","-90.6677436","89.52690887","30382","1974","false","false"
"2046","Austin Peay","Governors","APSU","APSU","Austin Peay","OVC","","fcs","#8e0b0b","#null","http://a.espncdn.com/i/teamlogos/ncaa/500/2046.png","http://a.espncdn.com/i/teamlogos/ncaa/500-dark/2046.png","@AustinePeayFB","3742","Governors Stadium","Clarksville","TN","37040","US","America/Chicago","36.5362559","-87.3525507","142.8643188","10100","1946","false","false"
"2050","Ball State","Cardinals","BALL","BALL","Ball State","Mid-American","West","fbs","#DA0000","#ffffff","http://a.espncdn.com/i/teamlogos/ncaa/500/2050.png","http://a.espncdn.com/i/teamlogos/ncaa/500-dark/2050.png","@BallStateFB","3919","Scheumann Stadium","Muncie","IN","47306","US","America/Indiana/Indianapolis","40.2159422","-85.4161148","285.481781","22500","1967","false","false"
"2065","Bethune-Cookman","Wildcats","BCU","BCU","Bethune","MEAC","","fcs","#7b1831","#e9aa12","http://a.espncdn.com/i/teamlogos/ncaa/500/2065.png","http://a.espncdn.com/i/teamlogos/ncaa/500-dark/2065.png","@BCUGridiron","3850","Municipal Stadium","Daytona Beach","FL","32114","US","America/New_York","29.173466","-81.117511","9.516305923","10000","1979","false","false"
"2083","Bucknell","Bison","BUCK","BUCK","Bucknell","Patriot","","fcs","#000060","#00316e","http://a.espncdn.com/i/teamlogos/ncaa/500/2083.png","http://a.espncdn.com/i/teamlogos/ncaa/500-dark/2083.png","@Bucknell_FB","3676","Christy Mathewson-Memorial Stadium","Lewisburg","PA","17837","US","America/New_York","40.9519411","-76.884752","151.194931","13100","1924","false","false"
"2084","Buffalo","Bulls","BUF","BUF","Buffalo","Mid-American","East","fbs","#041A9B","#ebebeb","http://a.espncdn.com/i/teamlogos/ncaa/500/2084.png","http://a.espncdn.com/i/teamlogos/ncaa/500-dark/2084.png","@UBFootball","3965","UB Stadium","Amherst","NY","14260","US","America/New_York","42.9991334","-78.7775113","181.5759735","30270","1993","false","false"
"2086","Butler","Bulldogs","BUT","BUT","Butler","Pioneer","","fcs","#0d1361","#00a3e0","http://a.espncdn.com/i/teamlogos/ncaa/500/2086.png","http://a.espncdn.com/i/teamlogos/ncaa/500-dark/2086.png","@ButlerUFootball","3664","Butler Bowl","Indianapolis","IN","46721","US","America/Indiana/Indianapolis","39.8444694","-86.1659242","221.1980591","5647","1928","false","false"
"2097","Campbell","Fighting Camels","CAM","CAM","Campbell","Pioneer","","fcs","#null","#null","http://a.espncdn.com/i/teamlogos/ncaa/500/2097.png","http://a.espncdn.com/i/teamlogos/ncaa/500-dark/2097.png","@GoCamelsFB","3629","Barker-Lane Stadium","Buies Creek","NC","27506","US","America/New_York","35.4047689","-78.7424842","56.51401138","5500","2008","false","false"
"2110","Central Arkansas","Bears","CARK","CARK","C Arkansas","Southland","","fcs","#a7a9ac","#8e959a","http://a.espncdn.com/i/teamlogos/ncaa/500/2110.png","http://a.espncdn.com/i/teamlogos/ncaa/500-dark/2110.png","@UCA_Football","3711","Estes Stadium","Conway","AR","72035","US","America/Chicago","35.0802599","-92.460045","94.25577545","10000","1939","false","false"
"2115","Central Connecticut","Blue Devils","CCSU","Central Connecticut State","CCSU","NEC","","fcs","#1B49A2","#d1d5d8","http://a.espncdn.com/i/teamlogos/ncaa/500/2115.png","http://a.espncdn.com/i/teamlogos/ncaa/500-dark/2115.png","@CCSUfootball","3624","Arute Field","New Britain","CT","6053 ","US","America/New_York","41.6950591","-72.7616197","41.29866409","5500","1969","false","false"
"2116","UCF","Knights","UCF","Central Florida","UCF","American Athletic","","fbs","#ba9b37","#000000","http://a.espncdn.com/i/teamlogos/ncaa/500/2116.png","http://a.espncdn.com/i/teamlogos/ncaa/500-dark/2116.png","@UCF_Football","3652","FBC Mortgage Stadium","Orlando","FL","32816","US","America/New_York","28.6079765","-81.1927233","20.94113731","44206","2007","true","false"
"2117","Central Michigan","Chippewas","CMU","CMU","C Michigan","Mid-American","West","fbs","#6a0032","#ffc82e","http://a.espncdn.com/i/teamlogos/ncaa/500/2117.png","http://a.espncdn.com/i/teamlogos/ncaa/500-dark/2117.png","@CMU_Football","3786","Kelly/Shorts Stadium","Mount Pleasant","MI","48859","US","America/Detroit","43.5777313","-84.7709904","240.9007721","30255","1972","false","false"
"2127","Charleston Southern","Buccaneers","CHSO","CHSO","Charleston So","Big South","","fcs","#2e3192","#ded090","http://a.espncdn.com/i/teamlogos/ncaa/500/2127.png","http://a.espncdn.com/i/teamlogos/ncaa/500-dark/2127.png","@CSUFB","3658","Buccaneer Field","North Charleston","SC","29406","US","America/New_York","32.9810239","-80.0659664","12.6744318","4000","1970","false","false"
"2132","Cincinnati","Bearcats","CIN","CIN","Cincinnati","American Athletic","","fbs","#E00122","#000000","http://a.espncdn.com/i/teamlogos/ncaa/500/2132.png","http://a.espncdn.com/i/teamlogos/ncaa/500-dark/2132.png","@GoBearcatsFB","3854","Nippert Stadium","Cincinnati","OH","45221","US","America/New_York","39.1312495","-84.5161913","230.0660553","40000","1915","false","false"
"2142","Colgate","Raiders","COLG","COLG","Colgate","Patriot","","fcs","#821019","#ffffff","http://a.espncdn.com/i/teamlogos/ncaa/500/2142.png","http://a.espncdn.com/i/teamlogos/ncaa/500-dark/2142.png","@ColgateFB","3617","Andy Kerr Stadium","Hamilton","NY","13346","US","America/New_York","42.8168991","-75.5452721","337.1443787","10221","1966","false","false"
"2166","Davidson","Wildcats","DAV","DAV","Davidson","Pioneer","","fcs","#null","#e51837","http://a.espncdn.com/i/teamlogos/ncaa/500/2166.png","http://a.espncdn.com/i/teamlogos/ncaa/500-dark/2166.png","@DavidsonFB","3897","Richardson Stadium","Davidson","NC","28036","US","America/New_York","35.4995744","-80.8428419","249.4658203","6000","1923","false","false"
"2168","Dayton","Flyers","DAY","DAY","Dayton","Pioneer","","fcs","#004B8D","#ffffff","http://a.espncdn.com/i/teamlogos/ncaa/500/2168.png","http://a.espncdn.com/i/teamlogos/ncaa/500-dark/2168.png","@DaytonFootball","3988","Welcome Stadium","Dayton","OH","45417","US","America/New_York","39.7369239","-84.1981068","222.4020081","11000","1949","false","false"
"2169","Delaware State","Hornets","DSU","DSU","Delaware St","MEAC","","fcs","#FF3630","#009cdd","http://a.espncdn.com/i/teamlogos/ncaa/500/2169.png","http://a.espncdn.com/i/teamlogos/ncaa/500-dark/2169.png","@DelSt_Football","3613","Alumni Stadium","Dover","DE","19901","US","America/New_York","39.189375","-75.5433185","10.95275307","7193","1980","false","false"
"2181","Drake","Bulldogs","DRKE","DRKE","Drake","Pioneer","","fcs","#005596","#bec0c2","http://a.espncdn.com/i/teamlogos/ncaa/500/2181.png","http://a.espncdn.com/i/teamlogos/ncaa/500-dark/2181.png","@DrakeBulldogsFB","3701","Drake Stadium","Des Moines","IA","50311","US","America/Chicago","41.605","-93.655","277.8869934","14557","1925","false","false"
"2184","Duquesne","Dukes","DUQ","DUQ","Duquesne","NEC","","fcs","#002D62","#b90b2e","http://a.espncdn.com/i/teamlogos/ncaa/500/2184.png","http://a.espncdn.com/i/teamlogos/ncaa/500-dark/2184.png","@DuqFB","3623","Arthur J. Rooney Athletic Field","Pittsburgh","PA","15282","US","America/New_York","40.4355808","-79.9900263","269.4302979","2200","1993","false","false"
"2193","East Tennessee State","Buccaneers","ETSU","ETSU","ETSU","FCS Independents","","fcs","#002d61","#ffc423","http://a.espncdn.com/i/teamlogos/ncaa/500/2193.png","http://a.espncdn.com/i/teamlogos/ncaa/500-dark/2193.png","@ETSUFootball","5400","William B. Greene Jr. Stadium","Johnson City","TN","37604","US","America/New_York","36.299084","-82.374117","512.5","7694","2017","false","false"
"2197","Eastern Illinois","Panthers","EIU","EIU","E Illinois","OVC","","fcs","#null","#bebab9","http://a.espncdn.com/i/teamlogos/ncaa/500/2197.png","http://a.espncdn.com/i/teamlogos/ncaa/500-dark/2197.png","@EIUPantherFB","3858","O'Brien Stadium","Charleston","IL","61920","US","America/Chicago","39.4804965","-88.1811618","212.9662933","10000","1970","false","false"
"2198","Eastern Kentucky","Colonels","EKU","EKU","E Kentucky","OVC","","fcs","#660819","#f0f0f0","http://a.espncdn.com/i/teamlogos/ncaa/500/2198.png","http://a.espncdn.com/i/teamlogos/ncaa/500-dark/2198.png","@EKUFootball","3908","Roy Kidd Stadium","Richmond","KY","40475","US","America/New_York","37.7344109","-84.2972854","298.1834717","20000","1969","false","false"
"2199","Eastern Michigan","Eagles","EMU","EMU","E Michigan","Mid-American","West","fbs","#00331b","#f0f0f0","http://a.espncdn.com/i/teamlogos/ncaa/500/2199.png","http://a.espncdn.com/i/teamlogos/ncaa/500-dark/2199.png","@EMUFB","3912","Rynearson Stadium","Ypsilanti","MI","48197","US","America/Detroit","42.256126","-83.647285","241.248764","30200","1969","false","false"
"2210","Elon","Phoenix","ELON","ELON","Elon","Southern","","fcs","#020303","#b59a57","http://a.espncdn.com/i/teamlogos/ncaa/500/2210.png","http://a.espncdn.com/i/teamlogos/ncaa/500-dark/2210.png","@ElonFootball","3894","Rhodes Stadium","Elon","NC","77493","US","America/New_York","36.1101269","-79.5079979","204.2487793","14000","2001","true","false"
"2226","Florida Atlantic","Owls","FAU","FAU","FAU","Conference USA","East","fbs","#00447c","#d31245","http://a.espncdn.com/i/teamlogos/ncaa/500/2226.png","http://a.espncdn.com/i/teamlogos/ncaa/500-dark/2226.png","@FAUFootball","3715","FAU Stadium","Boca Raton","FL","33499","US","America/New_York","26.3763763","-80.1015759","3.613628864","29419","2011","false","false"
"2229","Florida International","Panthers","FIU","Florida Intl","FIU","Conference USA","East","fbs","#001538","#c5960c","http://a.espncdn.com/i/teamlogos/ncaa/500/2229.png","http://a.espncdn.com/i/teamlogos/ncaa/500-dark/2229.png","@FIUFootball","218","FIU Stadium","Miami","FL","33199","US","America/New_York","25.7525014","-80.3778912","1.718581796","20000","1995","false","false"
"2230","Fordham","Rams","FOR","FOR","Fordham","Patriot","","fcs","#830032","#909090","http://a.espncdn.com/i/teamlogos/ncaa/500/2230.png","http://a.espncdn.com/i/teamlogos/ncaa/500-dark/2230.png","@FordhamFootball","150","Jack Coffey Field","Bronx","NY","","US","","40.8466508","-73.8785937","","7000","","","false"
"2241","Gardner-Webb","Runnin' Bulldogs","GWEB","Gardner Webb","GWEB","Big South","","fcs","#c12535","#909090","http://a.espncdn.com/i/teamlogos/ncaa/500/2241.png","http://a.espncdn.com/i/teamlogos/ncaa/500-dark/2241.png","@GWUFootball","3710","Ernest W. Spangler Stadium","Boiling Springs","NC","28152","US","America/New_York","35.2457593","-81.6739887","253.207016","9000","1969","false","false"
"2247","Georgia State","Panthers","GAST","GAST","Georgia St","Sun Belt","West","fbs","#1e539a","#ebebeb","http://a.espncdn.com/i/teamlogos/ncaa/500/2247.png","http://a.espncdn.com/i/teamlogos/ncaa/500-dark/2247.png","@GeorgiaStateFB","4246","Center Parc Stadium","Atlanta","GA","30315","US","America/New_York","33.735267","-84.389949","287","25000","2017","false","false"
"2261","Hampton","Pirates","HAMP","HAMP","Hampton","MEAC","","fcs","#0067AC","#null","http://a.espncdn.com/i/teamlogos/ncaa/500/2261.png","http://a.espncdn.com/i/teamlogos/ncaa/500-dark/2261.png","@Hampton_FB","3620","Armstrong Stadium","Hampton","VA","23669","US","America/New_York","37.0200894","-76.3331555","2.574624538","12000","1928","false","false"
"2277","Houston Christian","Huskies","HCU","Houston Baptist","HCU","FCS Independents","","fcs","#00539c","#null","http://a.espncdn.com/i/teamlogos/ncaa/500/2277.png","http://a.espncdn.com/i/teamlogos/ncaa/500-dark/2277.png","@HCUFootball","4424","Husky Stadium","Houston","TX","77074","US","America/Chicago","29.6949025","-95.5167353","19.87884521","5000","2014","false","false"
"2287","Illinois State","Redbirds","ILST","ILST","Illinois St","MVFC","","fcs","#CE1126","#ffe716","http://a.espncdn.com/i/teamlogos/ncaa/500/2287.png","http://a.espncdn.com/i/teamlogos/ncaa/500-dark/2287.png","@RedbirdFB","3744","Hancock Stadium","Normal","IL","61761","US","America/Chicago","40.5125091","-88.9967177","242.8722687","15000","1963","false","false"
"2294","Iowa","Hawkeyes","IOWA","IOWA","Iowa","Big Ten","Legends","fbs","#000000","#FFCD00","http://a.espncdn.com/i/teamlogos/ncaa/500/2294.png","http://a.espncdn.com/i/teamlogos/ncaa/500-dark/2294.png","@HawkeyeFootball","3793","Kinnick Stadium","Iowa City","IA","52242","US","America/Chicago","41.6586045","-91.5510829","220.6357727","69250","1929","false","false"
"2296","Jackson State","Tigers","JKST","JKST","Jackson St","SWAC","East","fcs","#123297","#b5b7ba","http://a.espncdn.com/i/teamlogos/ncaa/500/2296.png","http://a.espncdn.com/i/teamlogos/ncaa/500-dark/2296.png","@GoJSUTigersFB","3976","Mississippi Veterans Memorial Stadium","Jackson","MS","39216","US","America/Chicago","32.3300053","-90.1795578","108.4067383","44215","1941","true","false"
"2305","Kansas","Jayhawks","KU","KU","Kansas","Big 12","","fbs","#0051ba","#e8000d","http://a.espncdn.com/i/teamlogos/ncaa/500/2305.png","http://a.espncdn.com/i/teamlogos/ncaa/500-dark/2305.png","@KU_Football","3833","Memorial Stadium","Lawrence","KS","66045","US","America/Chicago","38.9629418","-95.2463686","274.855957","47000","1921","false","false"
"2306","Kansas State","Wildcats","KSU","KSU","Kansas St","Big 12","","fbs","#3c0969","#e2e3e4","http://a.espncdn.com/i/teamlogos/ncaa/500/2306.png","http://a.espncdn.com/i/teamlogos/ncaa/500-dark/2306.png","@KStateFB","3636","Bill Snyder Family Stadium","Manhattan","KS","66502","US","America/Chicago","39.2020096","-96.5938395","328.0574646","50000","1968","false","false"
"2309","Kent State","Golden Flashes","KENT","KENT","Kent State","Mid-American","East","fbs","#003976","#efab00","http://a.espncdn.com/i/teamlogos/ncaa/500/2309.png","http://a.espncdn.com/i/teamlogos/ncaa/500-dark/2309.png","@KentStFootball","3696","Dix Stadium","Kent","OH","44242","US","America/New_York","41.1390935","-81.31346","321.3641663","25319","1969","false","false"
"2320","Lamar","Cardinals","LAM","LAM","Lamar","Southland","","fcs","#null","#ebebeb","http://a.espncdn.com/i/teamlogos/ncaa/500/2320.png","http://a.espncdn.com/i/teamlogos/ncaa/500-dark/2320.png","@LamarFootball","3882","Provost Umphrey Stadium","Beaumont","TX","77705","US","America/Chicago","30.04313","-94.069963","3.981505394","16000","1964","false","false"
"2329","Lehigh","Mountain Hawks","LEH","LEH","Lehigh","Patriot","","fcs","#6c2b2a","#b69e70","http://a.espncdn.com/i/teamlogos/ncaa/500/2329.png","http://a.espncdn.com/i/teamlogos/ncaa/500-dark/2329.png","@LehighFootball","3741","Goodman Stadium","Bethlehem","PA","18015","US","America/New_York","40.5890837","-75.3553874","90.32305145","16000","1988","false","false"
"2335","Liberty","Flames","LIB","LIB","Liberty","Big South","","fcs","#071740","#a61f21","http://a.espncdn.com/i/teamlogos/ncaa/500/2335.png","http://a.espncdn.com/i/teamlogos/ncaa/500-dark/2335.png","@LibertyFootball","3992","Williams Stadium (VA)","Lynchburg","VA","24502","US","America/New_York","37.3544305","-79.1750239","272.9237061","25000","1989","false","false"
"2341","Long Island University","Sharks","LIU","LIU","Long Island","NEC","","fcs","#null","#null","https://a.espncdn.com/i/teamlogos/ncaa/500/112358.png","","","","","","","","","","","","","","","",""
"2348","Louisiana Tech","Bulldogs","LT","LT","Louisiana Tech","Conference USA","West","fbs","#002d65","#d3313a","http://a.espncdn.com/i/teamlogos/ncaa/500/2348.png","http://a.espncdn.com/i/teamlogos/ncaa/500-dark/2348.png","@LATechFB","3776","Joe Aillet Stadium","Ruston","LA","71272","US","America/Chicago","32.5321487","-92.6560019","72.87982941","28019","1968","false","false"
"2368","Marist","Red Foxes","MRST","MRST","Marist","Pioneer","","fcs","#e53730","#f0f0f0","http://a.espncdn.com/i/teamlogos/ncaa/500/2368.png","http://a.espncdn.com/i/teamlogos/ncaa/500-dark/2368.png","@Marist_Football","36","Leonidoff Field","Poughkeepsie","NY","12601","US","America/New_York","41.7191409","-73.9329549","24.94474983","5000","1968","false","false"
"2377","McNeese","Cowboys","MCN","MCN","McNeese","Southland","","fcs","#00529C","#null","http://a.espncdn.com/i/teamlogos/ncaa/500/2377.png","http://a.espncdn.com/i/teamlogos/ncaa/500-dark/2377.png","@McNeeseFootball","3686","Cowboy Stadium","Lake Charles","LA","70607","US","America/Chicago","30.1804575","-93.2178729","4.168509007","17610","1965","false","false"
"2382","Mercer","Bears","MER","MER","Mercer","Pioneer","","fcs","#ff7f29","#080808","http://a.espncdn.com/i/teamlogos/ncaa/500/2382.png","http://a.espncdn.com/i/teamlogos/ncaa/500-dark/2382.png","@MercerFootball","4417","Five Star Stadium at the Moye Complex","Macon","GA","31207","US","America/New_York","32.8262075","-83.6522485","138.6699677","10200","2013","false","false"
"2390","Miami","Hurricanes","MIA","Miami (FL)","MIA","ACC","Coastal","fbs","#005030","#f47321","http://a.espncdn.com/i/teamlogos/ncaa/500/2390.png","http://a.espncdn.com/i/teamlogos/ncaa/500-dark/2390.png","@CanesFootball","3948","Hard Rock Stadium","Miami Gardens","FL","33299","US","America/New_York","25.9579665","-80.2388604","2.624486446","64767","1987","false","false"
"2393","Middle Tennessee","Blue Raiders","MTSU","Middle Tennessee State","MTSU","Conference USA","East","fbs","#006db6","#ffffff","http://a.espncdn.com/i/teamlogos/ncaa/500/2393.png","http://a.espncdn.com/i/teamlogos/ncaa/500-dark/2393.png","@MT_FB","3725","Johnny ""Red"" Floyd Stadium","Murfreesboro","TN","37132","US","America/Chicago","35.8511463","-86.3681649","191.7279816","30788","1933","false","false"
"2400","Mississippi Valley State","Delta Devils","MVSU","MVSU","Miss Valley St","SWAC","East","fcs","#005328","#cf2d34","http://a.espncdn.com/i/teamlogos/ncaa/500/2400.png","http://a.espncdn.com/i/teamlogos/ncaa/500-dark/2400.png","@MSValleyFB","3896","Rice-Totten Field","Itta Bena","MS","38941","US","America/Chicago","33.5118304","-90.3397718","39.88368607","10000","1958","true","false"
"2405","Monmouth","Hawks","MONM","Monmouth NJ","MONM","FCS Independents","","fcs","#051844","#null","http://a.espncdn.com/i/teamlogos/ncaa/500/2405.png","http://a.espncdn.com/i/teamlogos/ncaa/500-dark/2405.png","@MUHawksFB","5389","Kessler Stadium","West Long Branch","NJ","7764 ","US","America/New_York","40.278953","-74.009451","9.9","4200","1993","false","false"
"2413","Morehead State","Eagles","MORE","MORE","Morehead St","Pioneer","","fcs","#094FA3","#fed91a","http://a.espncdn.com/i/teamlogos/ncaa/500/2413.png","http://a.espncdn.com/i/teamlogos/ncaa/500-dark/2413.png","@MSUEaglesFB","3774","Jayne Stadium","Morehead","KY","40351","US","America/New_York","38.1916481","-83.4253315","228.1033936","10000","1964","false","false"
"2415","Morgan State","Bears","MORG","MORG","Morgan St","MEAC","","fcs","#014786","#f47937","http://a.espncdn.com/i/teamlogos/ncaa/500/2415.png","http://a.espncdn.com/i/teamlogos/ncaa/500-dark/2415.png","@MorganStateFB","3762","Hughes Stadium","Baltimore","MD","80521","US","America/New_York","39.3439778","-76.5829573","67.05336761","10000","1949","false","false"
"2426","Navy","Midshipmen","NAVY","NAVY","Navy","FBS Independents","","fbs","#00225b","#b5a67c","http://a.espncdn.com/i/teamlogos/ncaa/500/2426.png","http://a.espncdn.com/i/teamlogos/ncaa/500-dark/2426.png","@NavyFB","3852","Navy-Marine Corps Memorial Stadium","Annapolis","MD","21402","US","America/New_York","38.9846985","-76.5076335","10.74990082","34000","1959","false","false"
"2428","North Carolina Central","Eagles","NCCU","NCCU","NC Central","MEAC","","fcs","#880023","#c2c3c0","http://a.espncdn.com/i/teamlogos/ncaa/500/2428.png","http://a.espncdn.com/i/teamlogos/ncaa/500-dark/2428.png","@NCCU_Football","3862","O'Kelly-Riddick Stadium","Durham","NC","27707","US","America/New_York","35.9738646","-78.896969","96.73323059","10000","1975","false","false"
"2429","Charlotte","49ers","CLT","CLT","Charlotte","FCS Independents","","fcs","#046A38","#B9975B","http://a.espncdn.com/i/teamlogos/ncaa/500/2429.png","http://a.espncdn.com/i/teamlogos/ncaa/500-dark/2429.png","@CharlotteFTBL","4418","Jerry Richardson Stadium","Charlotte","NC","28223","US","America/New_York","35.3105033","-80.7401194","190.365509","15300","2013","false","false"
"2433","UL Monroe","Warhawks","ULM","La.-Monroe","ULM","Sun Belt","East","fbs","#231F20","#b18445","http://a.espncdn.com/i/teamlogos/ncaa/500/2433.png","http://a.espncdn.com/i/teamlogos/ncaa/500-dark/2433.png","@ULM_FB","3817","Malone Stadium","Monroe","LA","71209","US","America/Chicago","32.5308089","-92.0660602","22.998209","30427","1978","false","false"
"2439","UNLV","Rebels","UNLV","Nevada-Las Vegas","UNLV","Mountain West","West","fbs","#b10202","#ffffff","http://a.espncdn.com/i/teamlogos/ncaa/500/2439.png","http://a.espncdn.com/i/teamlogos/ncaa/500-dark/2439.png","@UNLVFootball","6501","Allegiant Stadium","Las Vegas","NV","89154","US","","36.1672559","-115.1485163","","65000","","false","true"
"2440","Nevada","Wolf Pack","NEV","NEV","Nevada","Mountain West","West","fbs","#002d62","#ffffff","http://a.espncdn.com/i/teamlogos/ncaa/500/2440.png","http://a.espncdn.com/i/teamlogos/ncaa/500-dark/2440.png","@NevadaFootball","3816","Mackay Stadium","Reno","NV","89557","US","America/Los_Angeles","39.5469459","-119.8175435","1406.57605","27000","1966","false","false"
"2447","Nicholls","Colonels","NICH","NICH","Nicholls","Southland","","fcs","#C41230","#f0f0f0","http://a.espncdn.com/i/teamlogos/ncaa/500/2447.png","http://a.espncdn.com/i/teamlogos/ncaa/500-dark/2447.png","@Nicholls_FB","3779","Manning Field at John L. Guidry Stadium","Thibodaux","LA","70301","US","America/Chicago","29.7867254","-90.80455","3.23726368","10500","1972","false","false"
"2448","North Carolina A&T","Aggies","NCAT","NCAT","NC A&T","MEAC","","fcs","#0505aa","#004684","http://a.espncdn.com/i/teamlogos/ncaa/500/2448.png","http://a.espncdn.com/i/teamlogos/ncaa/500-dark/2448.png","@Football_NCAT","3603","Aggie Stadium","Greensboro","NC","27411","US","America/New_York","36.0814337","-79.7700391","235.1224518","21500","1981","true","false"
"2449","North Dakota State","Bison","NDSU","NDSU","N Dakota St","MVFC","","fcs","#01402A","#ffffff","http://a.espncdn.com/i/teamlogos/ncaa/500/2449.png","http://a.espncdn.com/i/teamlogos/ncaa/500-dark/2449.png","@NDSUFootball","3714","Fargodome","Fargo","ND","51802","US","America/Chicago","46.9029938","-96.8003251","274.4847717","18700","1992","false","true"
"2450","Norfolk State","Spartans","NORF","NORF","Norfolk St","MEAC","","fcs","#0c8968","#fdb813","http://a.espncdn.com/i/teamlogos/ncaa/500/2450.png","http://a.espncdn.com/i/teamlogos/ncaa/500-dark/2450.png","@NSU_FB","3991","William Dick"""" Price Stadium""""","Norfolk","VA","23504","US","America/New_York","36.8469442","-76.2600839","4.916433334","30000","1997","false","false"
"2458","Northern Colorado","Bears","UNCO","UNCO","N Colorado","Big Sky","","fcs","#13558D","#ffc533","http://a.espncdn.com/i/teamlogos/ncaa/500/2458.png","http://a.espncdn.com/i/teamlogos/ncaa/500-dark/2458.png","@UNCBearsFB","3856","Nottingham Field","Greeley","CO","80639","US","America/Denver","40.403493","-104.705139","1455.349976","8500","1995","true","false"
"2459","Northern Illinois","Huskies","NIU","NIU","N Illinois","Mid-American","West","fbs","#F1122C","#cc0000","http://a.espncdn.com/i/teamlogos/ncaa/500/2459.png","http://a.espncdn.com/i/teamlogos/ncaa/500-dark/2459.png","@NIU_Football","3764","Huskie Stadium","DeKalb","IL","60115","US","America/Chicago","41.9339586","-88.7778357","267.4530029","23595","1965","false","false"
"2460","Northern Iowa","Panthers","UNI","UNI","Northern Iowa","MVFC","","fcs","#473282","#ffffff","http://a.espncdn.com/i/teamlogos/ncaa/500/2460.png","http://a.espncdn.com/i/teamlogos/ncaa/500-dark/2460.png","@UNIFootball","3967","UNI-Dome","Cedar Falls","IA","50614","US","America/Chicago","42.5156111","-92.4672307","281.8959656","16324","1976","false","true"
"2464","Northern Arizona","Lumberjacks","NAU","NAU","N Arizona","Big Sky","","fcs","#003976","#1b3069","http://a.espncdn.com/i/teamlogos/ncaa/500/2464.png","http://a.espncdn.com/i/teamlogos/ncaa/500-dark/2464.png","@NAU_Football","2023","Walkup Skydome","Flagstaff","AZ","86001","US","America/Phoenix","35.1805483","-111.6528377","2097.884766","10000","1977","false","true"
"2466","Northwestern State","Demons","NWST","NWST","N'Western St","Southland","","fcs","#492F91","#ed6118","http://a.espncdn.com/i/teamlogos/ncaa/500/2466.png","http://a.espncdn.com/i/teamlogos/ncaa/500-dark/2466.png","@NSUDemonsFB","3963","Harry Turpin Stadium","Natchitoches","LA","71457","US","America/Chicago","31.747259","-93.0961357","36.58879089","15971","1976","false","false"
"2483","Oregon","Ducks","ORE","ORE","Oregon","Pac-12","North","fbs","#007030","#fee11a","http://a.espncdn.com/i/teamlogos/ncaa/500/2483.png","http://a.espncdn.com/i/teamlogos/ncaa/500-dark/2483.png","@OregonFootball","3626","Autzen Stadium","Eugene","OR","97401","US","America/Los_Angeles","44.0582712","-123.0684883","127.4198303","54000","1967","false","false"
"2502","Portland State","Vikings","PRST","PRST","Portland St","Big Sky","","fcs","#00311e","#ebebeb","http://a.espncdn.com/i/teamlogos/ncaa/500/2502.png","http://a.espncdn.com/i/teamlogos/ncaa/500-dark/2502.png","@PSUViksFB","4765","Hillsboro Stadium","Portland","OR","97124","US","America/Los_Angeles","45.554597","-122.90694","65.4","7600","1999","false","false"
"2504","Prairie View A&M","Panthers","PV","PV","Prairie View","SWAC","West","fcs","#4d0960","#null","http://a.espncdn.com/i/teamlogos/ncaa/500/2504.png","http://a.espncdn.com/i/teamlogos/ncaa/500-dark/2504.png","@PVAMU_Football","5238","Panther Stadium","Prairie View","TX","28202","US","America/Chicago","30.0937874","-95.9960913","77.36286926","15000","2016","true","false"
"2506","Presbyterian","Blue Hose","PRES","PRES","Presbyterian","Big South","","fcs","#194896","#990134","http://a.espncdn.com/i/teamlogos/ncaa/500/2506.png","http://a.espncdn.com/i/teamlogos/ncaa/500-dark/2506.png","@BlueHoseFtball","3627","Bailey Memorial Stadium","Clinton","SC","29325","US","America/New_York","34.46158","-81.861368","194.1601868","6500","2002","true","false"
"2509","Purdue","Boilermakers","PUR","PUR","Purdue","Big Ten","Leaders","fbs","#000000","#ceb888","http://a.espncdn.com/i/teamlogos/ncaa/500/2509.png","http://a.espncdn.com/i/teamlogos/ncaa/500-dark/2509.png","@BoilerFootball","3907","Ross-Ade Stadium","West Lafayette","IN","47907","US","America/Indiana/Indianapolis","40.4352253","-86.9186843","197.5337677","57282","1924","true","false"
"2523","Robert Morris","Colonials","RMU","RMU","Robert Morris","NEC","","fcs","#00214D","#a21d2b","http://a.espncdn.com/i/teamlogos/ncaa/500/2523.png","http://a.espncdn.com/i/teamlogos/ncaa/500-dark/2523.png","@RMUFootball","3777","Joe Walton Stadium","Moon Township","PA","15108","US","America/New_York","40.521046","-80.2159227","351.4482422","3000","2005","false","false"
"2529","Sacred Heart","Pioneers","SHU","SHU","Sacred Heart","NEC","","fcs","#a40012","#c29472","http://a.espncdn.com/i/teamlogos/ncaa/500/2529.png","http://a.espncdn.com/i/teamlogos/ncaa/500-dark/2529.png","@SHU__Football","3668","Campus Field","Fairfield","CT","6825 ","US","America/New_York","41.2212488","-73.2417431","82.02420044","3334","1993","false","false"
"2534","Sam Houston","Bearkats","SHSU","Sam Houston State","SHSU","Southland","","fcs","#fe5000","#000000","http://a.espncdn.com/i/teamlogos/ncaa/500/2534.png","http://a.espncdn.com/i/teamlogos/ncaa/500-dark/2534.png","@BearkatsFB","3647","Elliott T. Bowers Stadium","Huntsville","TX","77340","US","America/Chicago","30.713926","-95.5419802","127.6225204","14000","1986","false","false"
"2535","Samford","Bulldogs","SAM","SAM","Samford","Southern","","fcs","#005485","#bc0023","http://a.espncdn.com/i/teamlogos/ncaa/500/2535.png","http://a.espncdn.com/i/teamlogos/ncaa/500-dark/2535.png","@SamfordFootball","3925","Seibert Stadium","Homewood","AL","35229","US","America/Chicago","33.463273","-86.795326","208.0207825","6700","1958","false","false"
"2542","Savannah St","Tigers","SAV","SAV","Savannah St","MEAC","","fcs","#280298","#f78f1e","http://a.espncdn.com/i/teamlogos/ncaa/500/2542.png","http://a.espncdn.com/i/teamlogos/ncaa/500-dark/2542.png","","3952","Ted Wright Stadium","Savannah","GA","31404","US","America/New_York","32.0274346","-81.0687492","6.564679146","7500","1967","false","false"
"2545","SE Louisiana","Lions","SELA","Southeast Louisiana","SELA","Southland","","fcs","#215732","#ffc72c","http://a.espncdn.com/i/teamlogos/ncaa/500/2545.png","http://a.espncdn.com/i/teamlogos/ncaa/500-dark/2545.png","@SLUFootball","3944","Strawberry Stadium","Hammond","LA","70401","US","America/Chicago","30.5110264","-90.4685792","13.7104578","7408","1936","false","false"
"2546","Southeast Missouri State","Redhawks","SEMO","Southeast Missouri","SEMO","OVC","","fcs","#c8102e","#000000","http://a.espncdn.com/i/teamlogos/ncaa/500/2546.png","http://a.espncdn.com/i/teamlogos/ncaa/500-dark/2546.png","@SEMOFootball","7003","Houck Field","Cape Girardeau","MO","63703","US","","37.3034933","-89.5230357","","10000","","","false"
"2567","SMU","Mustangs","SMU","Southern Methodist","SMU","American Athletic","","fbs","#354ca1","#cc0035","http://a.espncdn.com/i/teamlogos/ncaa/500/2567.png","http://a.espncdn.com/i/teamlogos/ncaa/500-dark/2567.png","@SMUFB","3735","Gerald J. Ford Stadium","University Park","TX","75275","US","America/Chicago","32.8377223","-96.7827859","169.4058075","32000","2000","false","false"
"2569","South Carolina State","Bulldogs","SCST","SCST","SC State","MEAC","","fcs","#7d1315","#104897","http://a.espncdn.com/i/teamlogos/ncaa/500/2569.png","http://a.espncdn.com/i/teamlogos/ncaa/500-dark/2569.png","@SCState_FB","3864","Oliver C. Dawson Stadium","Orangeburg","SC","29115","US","America/New_York","33.4986313","-80.8446857","67.29846191","22000","1955","false","false"
"2571","South Dakota State","Jackrabbits","SDST","SDST","S Dakota St","MVFC","","fcs","#0033a0","#ffd100","http://a.espncdn.com/i/teamlogos/ncaa/500/2571.png","http://a.espncdn.com/i/teamlogos/ncaa/500-dark/2571.png","@GoJacksFB","5237","Dana J. Dykhouse Stadium","Brookings","SD","57006","US","America/Chicago","44.3210182","-96.7801386","495.7769775","19340","2016","false","false"
"2572","Southern Miss","Golden Eagles","USM","Southern Mississippi","USM","Conference USA","East","fbs","#FFAA3C","#ffc423","http://a.espncdn.com/i/teamlogos/ncaa/500/2572.png","http://a.espncdn.com/i/teamlogos/ncaa/500-dark/2572.png","@SouthernMissFB","3815","M. M. Roberts Stadium","Hattiesburg","MS","39402","US","America/Chicago","31.3289321","-89.3318118","64.52726746","36000","1932","false","false"
"2579","South Carolina","Gamecocks","SC","SC","South Carolina","SEC","East","fbs","#73000a","#ffffff","http://a.espncdn.com/i/teamlogos/ncaa/500/2579.png","http://a.espncdn.com/i/teamlogos/ncaa/500-dark/2579.png","@GamecockFB","3994","Williams-Brice Stadium","Columbia","SC","29208","US","America/New_York","33.9730239","-81.0191726","60.54548645","80250","1934","true","false"
"2582","Southern","Jaguars","SOU","SOU","Southern","SWAC","West","fcs","#004B97","#ffc82d","http://a.espncdn.com/i/teamlogos/ncaa/500/2582.png","http://a.espncdn.com/i/teamlogos/ncaa/500-dark/2582.png","@SouthernUsports","3599","Ace W. Mumford Stadium","Baton Rouge","LA","70807","US","America/Chicago","30.5221461","-91.1896087","20.24213219","28500","1928","false","false"
"2598","St. Francis (PA)","Red Flash","SFPA","St. Francis PA","SFPA","NEC","","fcs","#a20012","#null","http://a.espncdn.com/i/teamlogos/ncaa/500/2598.png","http://a.espncdn.com/i/teamlogos/ncaa/500-dark/2598.png","@RedFlashFB","3694","DeGol Field","Loretto","PA","15940","US","America/New_York","40.5063173","-78.637214","586.9408569","3500","2006","false","false"
"2617","Stephen F. Austin","Lumberjacks","SFA","Stephen F Austin","SFA","Southland","","fcs","#393996","#bec0c2","http://a.espncdn.com/i/teamlogos/ncaa/500/2617.png","http://a.espncdn.com/i/teamlogos/ncaa/500-dark/2617.png","@SFA_Football","3756","Homer Bryce Stadium","Nacogdoches","TX","75961","US","America/Chicago","31.625719","-94.6444034","89.99433899","14575","1973","false","false"
"2619","Stony Brook","Seawolves","STBK","STBK","Stony Brook","CAA","","fcs","#990000","#null","http://a.espncdn.com/i/teamlogos/ncaa/500/2619.png","http://a.espncdn.com/i/teamlogos/ncaa/500-dark/2619.png","@StonyBrookFB","3788","Kenneth P. LaValle Stadium","Stony Brook","NY","11790","US","America/New_York","40.9188829","-73.1242966","32.63183975","12300","2002","false","false"
"2623","Missouri State","Bears","MOST","MOST","Missouri St","MVFC","","fcs","#5F0000","#e8e8e8","http://a.espncdn.com/i/teamlogos/ncaa/500/2623.png","http://a.espncdn.com/i/teamlogos/ncaa/500-dark/2623.png","@MOStateFootball","3878","Plaster Sports Complex","Springfield","MO","65897","US","America/Chicago","37.1976229","-93.2798119","402.368103","17337","1941","false","false"
"2628","TCU","Horned Frogs","TCU","Texas Christian","TCU","Big 12","","fbs","#4d1979","#f1f2f3","http://a.espncdn.com/i/teamlogos/ncaa/500/2628.png","http://a.espncdn.com/i/teamlogos/ncaa/500-dark/2628.png","@TCUFootball","3616","Amon G. Carter Stadium","Fort Worth","TX","76129","US","America/Chicago","32.7096604","-97.3680835","185.4387054","46000","1929","true","false"
"2630","UT Martin","Skyhawks","UTM","Tennessee Martin","UTM","OVC","","fcs","#FF6700","#102a5c","http://a.espncdn.com/i/teamlogos/ncaa/500/2630.png","http://a.espncdn.com/i/teamlogos/ncaa/500-dark/2630.png","@UTM_FOOTBALL","3748","Graham Stadium","Martin","TN","38238","US","America/Chicago","36.3448341","-88.8616245","124.6879349","7500","1964","false","false"
"2633","Tennessee","Volunteers","TENN","TENN","Tennessee","SEC","East","fbs","#ff8200","#58595b","http://a.espncdn.com/i/teamlogos/ncaa/500/2633.png","http://a.espncdn.com/i/teamlogos/ncaa/500-dark/2633.png","@Vol_Football","3853","Neyland Stadium","Knoxville","TN","37996","US","America/New_York","35.9550131","-83.9250128","271.9517212","102455","1921","true","false"
"2634","Tennessee State","Tigers","TNST","TNST","Tennessee St","OVC","","fcs","#171796","#f0f0f0","http://a.espncdn.com/i/teamlogos/ncaa/500/2634.png","http://a.espncdn.com/i/teamlogos/ncaa/500-dark/2634.png","@TSU_Football","3810","Nissan Stadium","Nashville","TN","37209","US","America/Chicago","36.166479","-86.7712898","121.0412598","69143","1999","false","false"
"2635","Tennessee Tech","Golden Eagles","TNTC","TNTC","Tennessee Tech","OVC","","fcs","#5A4099","#ffde00","http://a.espncdn.com/i/teamlogos/ncaa/500/2635.png","http://a.espncdn.com/i/teamlogos/ncaa/500-dark/2635.png","@TNTechFootball","3962","Tucker Stadium","Cookeville","TN","38501","US","America/Chicago","36.1780555","-85.506183","340.8609314","16500","1966","false","false"
"2636","UTSA","Roadrunners","UTSA","Texas-San Antonio","UTSA","Conference USA","West","fbs","#002A5C","#f47321","http://a.espncdn.com/i/teamlogos/ncaa/500/2636.png","http://a.espncdn.com/i/teamlogos/ncaa/500-dark/2636.png","","3604","Alamodome","San Antonio","TX","78299","US","America/Chicago","29.4169834","-98.4788143","201.5526886","36582","1993","false","true"
"2638","UTEP","Miners","UTEP","Texas-El Paso","UTEP","Conference USA","West","fbs","#ff8200","#041e42","http://a.espncdn.com/i/teamlogos/ncaa/500/2638.png","http://a.espncdn.com/i/teamlogos/ncaa/500-dark/2638.png","@UTEPFB","3946","Sun Bowl","El Paso","TX","79968","US","America/Denver","31.7733353","-106.507957","1183.697876","51500","1963","false","false"
"2640","Texas Southern","Tigers","TXSO","TXSO","Texas Southern","SWAC","West","fcs","#860038","#ffffff","http://a.espncdn.com/i/teamlogos/ncaa/500/2640.png","http://a.espncdn.com/i/teamlogos/ncaa/500-dark/2640.png","@TSUFootball","3631","BBVA Compass Stadium","Houston","TX","77003","US","America/Chicago","29.7521988","-95.3524146","13.68128395","22000","2012","true","false"
"2641","Texas Tech","Red Raiders","TTU","TTU","Texas Tech","Big 12","","fbs","#CC0000","#000000","http://a.espncdn.com/i/teamlogos/ncaa/500/2641.png","http://a.espncdn.com/i/teamlogos/ncaa/500-dark/2641.png","@TexasTechFB","3784","Jones AT&T Stadium","Lubbock","TX","79409","US","America/Chicago","33.5910518","-101.8728824","980.7632446","60454","1947","false","false"
"2643","The Citadel","Bulldogs","CIT","CIT","The Citadel","Southern","","fcs","#002b5c","#f0f0f0","http://a.espncdn.com/i/teamlogos/ncaa/500/2643.png","http://a.espncdn.com/i/teamlogos/ncaa/500-dark/2643.png","@CitadelFootball","3782","Johnson Hagood Stadium","Charleston","SC","29403","US","America/New_York","32.7936975","-79.9558183","4.137742996","11427","1948","true","false"
"2649","Toledo","Rockets","TOL","TOL","Toledo","Mid-American","West","fbs","#0a2240","#ffcd00","http://a.espncdn.com/i/teamlogos/ncaa/500/2649.png","http://a.espncdn.com/i/teamlogos/ncaa/500-dark/2649.png","@ToledoFB","3739","Glass Bowl","Toledo","OH","43606","US","America/New_York","41.6574777","-83.6135652","181.4839783","26038","1937","false","false"
"2653","Troy","Trojans","TROY","TROY","Troy","Sun Belt","East","fbs","#AE0210","#88898c","http://a.espncdn.com/i/teamlogos/ncaa/500/2653.png","http://a.espncdn.com/i/teamlogos/ncaa/500-dark/2653.png","@TroyTrojansFB","3975","Veterans Memorial Stadium (AL)","Troy","AL","36082","US","America/Chicago","31.7995565","-85.9518328","154.7746277","30000","1950","false","false"
"2655","Tulane","Green Wave","TULN","TULN","Tulane","Conference USA","West","fbs","#006547","#468ac9","http://a.espncdn.com/i/teamlogos/ncaa/500/2655.png","http://a.espncdn.com/i/teamlogos/ncaa/500-dark/2655.png","@GreenWaveFB","4729","Yulman Stadium","New Orleans","LA","70118","US","America/Chicago","29.944616","-90.116692","0.0000000000000000000000000000000000000118","30000","2014","false","false"
"2674","Valparaiso","Beacons","VAL","VAL","Valparaiso","Pioneer","","fcs","#794500","#null","http://a.espncdn.com/i/teamlogos/ncaa/500/2674.png","http://a.espncdn.com/i/teamlogos/ncaa/500-dark/2674.png","@ValpoUFootball","3655","Brown Field","Valparaiso","IN","46383","US","America/Chicago","41.465642","-87.0479446","244.6367645","5000","1919","false","false"
"2678","VMI","Keydets","VMI","Virginia Military Institute","VMI","Big South","","fcs","#E52D37","#eec52b","http://a.espncdn.com/i/teamlogos/ncaa/500/2678.png","http://a.espncdn.com/i/teamlogos/ncaa/500-dark/2678.png","@VMI_Football","3597","Alumni Memorial Field","Lexington","VA","24450","US","America/New_York","37.788983","-79.43505","294.958252","10000","1962","true","false"
"2681","Wagner","Seahawks","WAG","WAG","Wagner","NEC","","fcs","#00483A","#ffffff","http://a.espncdn.com/i/teamlogos/ncaa/500/2681.png","http://a.espncdn.com/i/teamlogos/ncaa/500-dark/2681.png","@Wagner_Football","3979","Wagner College Stadium","Staten Island","NY","10301","US","America/New_York","40.614688","-74.090639","63.39014053","3300","1967","false","false"
"2692","Weber State","Wildcats","WEB","WEB","Weber St","Big Sky","","fcs","#18005a","#ebebeb","http://a.espncdn.com/i/teamlogos/ncaa/500/2692.png","http://a.espncdn.com/i/teamlogos/ncaa/500-dark/2692.png","@WeberStateFB","3942","Stewart Stadium","Ogden","UT","84408","US","America/Denver","41.1918741","-111.9401391","1451.553711","17500","1966","false","false"
"2710","Western Illinois","Leathernecks","WIU","WIU","W Illinois","MVFC","","fcs","#4e1e8a","#ffc90a","http://a.espncdn.com/i/teamlogos/ncaa/500/2710.png","http://a.espncdn.com/i/teamlogos/ncaa/500-dark/2710.png","@WIUFootball","3746","Hanson Field","Macomb","IL","61455","US","America/Chicago","40.4683928","-90.6841248","192.8755646","16368","1950","false","false"
"2711","Western Michigan","Broncos","WMU","WMU","W Michigan","Mid-American","West","fbs","#532e1f","#8b7f79","http://a.espncdn.com/i/teamlogos/ncaa/500/2711.png","http://a.espncdn.com/i/teamlogos/ncaa/500-dark/2711.png","@WMU_Football","3980","Waldo Stadium","Kalamazoo","MI","49008","US","America/Detroit","42.2860064","-85.6007573","243.8211212","30200","1939","false","false"
"2717","Western Carolina","Catamounts","WCU","WCU","W Carolina","Southern","","fcs","#492F91","#bf9e70","http://a.espncdn.com/i/teamlogos/ncaa/500/2717.png","http://a.espncdn.com/i/teamlogos/ncaa/500-dark/2717.png","@WCU_FB","3704","E. J. Whitmire Stadium","Cullowhee","NC","28723","US","America/New_York","35.3048352","-83.1818148","653.8632813","13742","1974","false","false"
"2729","William & Mary","Tribe","W&M","W&M","William & Mary","CAA","","fcs","#103217","#f6b220","http://a.espncdn.com/i/teamlogos/ncaa/500/2729.png","http://a.espncdn.com/i/teamlogos/ncaa/500-dark/2729.png","@WMTribeFootball","3998","Zable Stadium","Williamsburg","VA","23186","US","America/New_York","37.2730996","-76.7137202","26.07615852","12400","1935","false","false"
"2736","Winston-Salem","Rams","WNSL","WNSL","Winston-Salem","CIAA","Southern","ii","#bb0100","#null","http://a.espncdn.com/i/teamlogos/ncaa/500/2736.png","http://a.espncdn.com/i/teamlogos/ncaa/500-dark/2736.png","","3649","Bowman Gray Stadium","Winston-Salem","NC","27107","US","America/New_York","36.083372","-80.222037","242.5","17000","1937","true","false"
"2747","Wofford","Terriers","WOF","WOF","Wofford","Southern","","fcs","#533B23","#f0f0f0","http://a.espncdn.com/i/teamlogos/ncaa/500/2747.png","http://a.espncdn.com/i/teamlogos/ncaa/500-dark/2747.png","@Wofford_FB","3737","Gibbs Stadium","Spartanburg","SC","29303","US","America/New_York","34.9618606","-81.9328915","231.6300049","13000","1996","true","false"
"2751","Wyoming","Cowboys","WYO","WYO","Wyoming","Mountain West","Mountain","fbs","#492f24","#ffc425","http://a.espncdn.com/i/teamlogos/ncaa/500/2751.png","http://a.espncdn.com/i/teamlogos/ncaa/500-dark/2751.png","@Wyo_Football","3984","War Memorial Stadium","Laramie","WY","82071","US","America/Denver","41.31161","-105.5681384","2200.153564","29181","1950","false","false"
"2754","Youngstown State","Penguins","YSU","YSU","Youngstown St","MVFC","","fcs","#E51936","#690717","http://a.espncdn.com/i/teamlogos/ncaa/500/2754.png","http://a.espncdn.com/i/teamlogos/ncaa/500-dark/2754.png","@YoungstownStFB","844","Stambaugh Stadium","Youngstown","OH","44502","US","America/New_York","41.1092964","-80.6501885","298.8893127","20630","1982","false","false"
"2755","Grambling","Tigers","GRAM","Grambling State","GRAM","SWAC","West","fcs","#ee8601","#ffd10a","http://a.espncdn.com/i/teamlogos/ncaa/500/2755.png","http://a.espncdn.com/i/teamlogos/ncaa/500-dark/2755.png","@GSU_Tigers","3902","Eddie Robinson Stadium","Grambling","LA","71245","US","America/Chicago","32.5258665","-92.7146412","94.58428955","19600","1983","false","false"
"2803","Bryant","Bulldogs","BRY","BRY","Bryant","NEC","","fcs","#null","#9f8343","http://a.espncdn.com/i/teamlogos/ncaa/500/2803.png","http://a.espncdn.com/i/teamlogos/ncaa/500-dark/2803.png","@BryantUFootball","3661","Bulldog Stadium","Smithfield","RI","93710","US","America/New_York","41.924206","-71.5385124","124.471344","4400","1999","false","false"
"2916","Incarnate Word","Cardinals","UIW","UIW","Incarnate Word","FCS Independents","","fcs","#null","#080808","http://a.espncdn.com/i/teamlogos/ncaa/500/2916.png","http://a.espncdn.com/i/teamlogos/ncaa/500-dark/2916.png","@UIWFootball","3734","Gayle and Tom Benson Stadium","San Antonio","TX","78209","US","America/Chicago","29.4674787","-98.470014","208.4659576","6000","2008","false","false"
